{
  "command": null,
  "duration": 15.161986,
  "height": 16,
  "width": 82,
  "stdout": [
    [
      0.12602,
      "\u001b[1m\u001b[7m%\u001b[27m\u001b[1m\u001b[0m                                                                                 \r \r\u001b]2;demo@server8: ~\u0007\u001b]1;~\u0007"
    ],
    [
      0.023638,
      "\r\u001b[0m\u001b[27m\u001b[24m\u001b[J\u001b[01;32m➜  \u001b[36m~\u001b[00m \u001b[K\u001b[?1h\u001b="
    ],
    [
      0.638287,
      "j"
    ],
    [
      0.064344,
      "\bgojo"
    ],
    [
      0.107725,
      "t"
    ],
    [
      0.279769,
      " "
    ],
    [
      0.410095,
      "n"
    ],
    [
      0.031211,
      "o"
    ],
    [
      0.09153,
      "t"
    ],
    [
      0.067689,
      "e"
    ],
    [
      0.040631,
      "s"
    ],
    [
      0.845744,
      "\u001b[?1l\u001b>"
    ],
    [
      5.2e-05,
      "\r\r\n"
    ],
    [
      0.000557,
      "\u001b]2;gojot notes\u0007"
    ],
    [
      4.1e-05,
      "\u001b]1;gojot\u0007"
    ],
    [
      0.204118,
      "Enter password: "
    ],
    [
      1.089155,
      "\r\nFetching..."
    ],
    [
      0.358454,
      "\r 0 / 1 [-----------------------------------------------------------------]   0.00%"
    ],
    [
      7.2e-05,
      "\r 0 / 1 [--------------------------------------------------------------]   0.00% 0s\r\n"
    ],
    [
      0.066092,
      "done (1.532975248s).\r\n"
    ],
    [
      0.02733,
      "\r\nLoad all entries (press enter for 'n')? (y/n) "
    ],
    [
      0.486399,
      "\r\n"
    ],
    [
      0.015608,
      "\u001b[?1049h\u001b[?1h\u001b=\u001b[2;1H▽\u001b[6n\u001b[1;1H  \u001b[1;1H"
    ],
    [
      0.000391,
      "\u001b[1;16r\u001b[?12;25h\u001b[?12l\u001b[?25h\u001b[27m\u001b[m\u001b[H\u001b[2J\u001b[?25l\u001b[16;1H\"~/.cache/gojot/temp/temp\""
    ],
    [
      4e-05,
      " 3L, 59C"
    ],
    [
      0.00014,
      "\u001b[>c"
    ],
    [
      8.1e-05,
      "\r-- INSERT --\u001b[16;13H\u001b[K"
    ],
    [
      0.000167,
      "\u001b[1;1HTue Nov 15 07:01:03 2016 -==- IncompatibleObsoletePagoda\r\n\r\n\r\n\u001b[1m\u001b[34m~                                                                                 \u001b[5;1H~                                                                                 \u001b[6;1H~                                                                                 \u001b[7;1H~                                                                                 \u001b[8;1H~                                                                                 \u001b[9;1H~                                                                                 \u001b[10;1H~                                                                                 \u001b[11;1H~                                                                                 \u001b[12;1H~                                                                                 \u001b[13;1H~                                                                                 \u001b[14;1H~                                                             "
    ],
    [
      4.4e-05,
      "                    \u001b[15;1H~                                                                                 \u001b[m\u001b[16;1H\u001b[1m-- INSERT --\u001b[3;1H\u001b[?12l\u001b[?25h"
    ],
    [
      2.010573,
      "\u001b[?25l\u001b[mJ\u001b[?12l\u001b[?25h"
    ],
    [
      0.51179,
      "\u001b[?25lo\u001b[?12l\u001b[?25h"
    ],
    [
      0.146152,
      "\u001b[?25lt\u001b[?12l\u001b[?25h"
    ],
    [
      0.141492,
      "\u001b[?25lt\u001b[?12l\u001b[?25h"
    ],
    [
      0.101098,
      "\u001b[?25li\u001b[?12l\u001b[?25h"
    ],
    [
      0.001783,
      "\u001b[?25ln\u001b[?12l\u001b[?25h"
    ],
    [
      0.068094,
      "\u001b[?25lg\u001b[?12l\u001b[?25h"
    ],
    [
      0.098081,
      "\u001b[?25l \u001b[?12l\u001b[?25h"
    ],
    [
      0.150247,
      "\u001b[?25la\u001b[?12l\u001b[?25h"
    ],
    [
      0.027762,
      "\u001b[?25l \u001b[?12l\u001b[?25h"
    ],
    [
      0.112659,
      "\u001b[?25ln\u001b[?12l\u001b[?25h"
    ],
    [
      0.177171,
      "\u001b[?25lot\u001b[?12l\u001b[?25h"
    ],
    [
      0.473833,
      "\u001b[?25le\u001b[?12l\u001b[?25h"
    ],
    [
      0.158506,
      "\u001b[?25l \u001b[?12l\u001b[?25h"
    ],
    [
      0.066669,
      "\u001b[?25li\u001b[?12l\u001b[?25h"
    ],
    [
      0.102934,
      "\u001b[?25ls\u001b[?12l\u001b[?25h"
    ],
    [
      0.15524,
      "\u001b[?25l \u001b[?12l\u001b[?25h"
    ],
    [
      0.072542,
      "\u001b[?25le\u001b[?12l\u001b[?25h"
    ],
    [
      0.117829,
      "\u001b[?25la\u001b[?12l\u001b[?25h"
    ],
    [
      0.128824,
      "\u001b[?25ls\u001b[?12l\u001b[?25h"
    ],
    [
      0.022904,
      "\u001b[?25ly\u001b[?12l\u001b[?25h"
    ],
    [
      0.241354,
      "\u001b[?25l,\u001b[?12l\u001b[?25h"
    ],
    [
      0.065412,
      "\u001b[?25l \u001b[?12l\u001b[?25h"
    ],
    [
      0.156173,
      "\u001b[?25la\u001b[?12l\u001b[?25h"
    ],
    [
      0.09624,
      "\u001b[?25ln\u001b[?12l\u001b[?25h"
    ],
    [
      0.179112,
      "\u001b[?25ld\u001b[?12l\u001b[?25h"
    ],
    [
      0.115551,
      "\u001b[?25l \u001b[?12l\u001b[?25h"
    ],
    [
      0.088463,
      "\u001b[?25lf\u001b[?12l\u001b[?25h"
    ],
    [
      0.09624,
      "\u001b[?25la\u001b[?12l\u001b[?25h"
    ],
    [
      0.053462,
      "\u001b[?25ls\u001b[?12l\u001b[?25h"
    ],
    [
      0.10186,
      "\u001b[?25lt\u001b[?12l\u001b[?25h"
    ],
    [
      0.260192,
      "\u001b[?25l!\u001b[?12l\u001b[?25h"
    ],
    [
      0.408478,
      "\u001b[16;1H\u001b[K\u001b[3;33H"
    ],
    [
      0.437293,
      "\u001b[?25l"
    ],
    [
      0.000268,
      "\u001b[?12l\u001b[?25h\u001b[?25l\u001b[16;1H:"
    ],
    [
      6.8e-05,
      "\u001b[?12l\u001b[?25h"
    ],
    [
      0.188848,
      "w"
    ],
    [
      5.6e-05,
      "\u001b[?25l\u001b[?12l\u001b[?25h"
    ],
    [
      0.073959,
      "q"
    ],
    [
      4.6e-05,
      "\u001b[?25l\u001b[?12l\u001b[?25h"
    ],
    [
      0.265347,
      "!"
    ],
    [
      4.6e-05,
      "\u001b[?25l\u001b[?12l\u001b[?25h"
    ],
    [
      0.481907,
      "\r"
    ],
    [
      6.4e-05,
      "\u001b[?25l"
    ],
    [
      0.000169,
      "\".cache/gojot/temp/temp\""
    ],
    [
      0.005571,
      " 3L, 92C written"
    ],
    [
      0.000896,
      "\r\r\r\n\u001b[?1l\u001b>\u001b[?12l\u001b[?25h\u001b[?1049l"
    ],
    [
      0.068033,
      "Created entry IncompatibleObsoletePagoda (+7 words)\r\nPushing changes"
    ],
    [
      1.117664,
      "...done (1.117645145s)\r\n"
    ],
    [
      0.003043,
      "\u001b[1m\u001b[7m%\u001b[27m\u001b[1m\u001b[0m                                                                                 \r \r"
    ],
    [
      0.000114,
      "\u001b]2;demo@server8: ~\u0007"
    ],
    [
      4.1e-05,
      "\u001b]1;~\u0007"
    ],
    [
      0.012093,
      "\r\u001b[0m\u001b[27m\u001b[24m\u001b[J\u001b[01;32m➜  \u001b[36m~\u001b[00m \u001b[K"
    ],
    [
      0.000182,
      "\u001b[?1h\u001b="
    ],
    [
      0.818738,
      "\r\r\n"
    ]
  ],
  "title": null,
  "version": 1,
  "env": {
    "SHELL": "/usr/bin/zsh",
    "TERM": "xterm"
  }
}