{
  "width": 80,
  "height": 15,
  "command": null,
  "version": 1,
  "title": null,
  "env": {
    "SHELL": "/usr/bin/zsh",
    "TERM": "xterm"
  },
  "stdout": [
    [
      0.123071,
      "\u001b[1m\u001b[7m%\u001b[27m\u001b[1m\u001b[0m                                                                               \r \r\u001b]2;demo@server8: ~\u0007\u001b]1;~\u0007"
    ],
    [
      0.023872,
      "\r\u001b[0m\u001b[27m\u001b[24m\u001b[J\u001b[39m\u001b[0m\u001b[49m\u001b[40m\u001b[39m demo@server8 \u001b[44m\u001b[30m\u001b[30m ~ \u001b[49m\u001b[34m\u001b[39m "
    ],
    [
      1.8e-05,
      "\u001b[K"
    ],
    [
      9.4e-05,
      "\u001b[?1h\u001b="
    ],
    [
      0.31745,
      "s"
    ],
    [
      0.07512,
      "\bsd"
    ],
    [
      0.192727,
      "e"
    ],
    [
      0.146287,
      "e"
    ],
    [
      0.059517,
      "s"
    ],
    [
      0.121609,
      " "
    ],
    [
      0.074181,
      "-"
    ],
    [
      0.134415,
      "-"
    ],
    [
      0.178014,
      "a"
    ],
    [
      0.07338,
      "l"
    ],
    [
      0.123686,
      "l"
    ],
    [
      0.067718,
      " "
    ],
    [
      0.312379,
      "n"
    ],
    [
      0.036446,
      "o"
    ],
    [
      0.114452,
      "t"
    ],
    [
      0.082853,
      "e"
    ],
    [
      0.068241,
      "s"
    ],
    [
      0.072575,
      "."
    ],
    [
      0.132131,
      "t"
    ],
    [
      0.190356,
      "x"
    ],
    [
      0.045065,
      "t"
    ],
    [
      0.27271,
      "\u001b[?1l\u001b>"
    ],
    [
      4.6e-05,
      "\r\r\n"
    ],
    [
      0.000621,
      "\u001b]2;jot --all notes.txt\u0007"
    ],
    [
      3.8e-05,
      "\u001b]1;jot\u0007"
    ],
    [
      0.296809,
      "Enter password: "
    ],
    [
      0.934482,
      "\r\nFetching...done (973.336294ms).\r\n"
    ],
    [
      0.047868,
      "\u001b[?1049h\u001b[?1h\u001b=\u001b[2;1H▽\u001b[6n\u001b[1;1H  \u001b[1;1H"
    ],
    [
      0.000578,
      "\u001b[1;15r\u001b[?12;25h\u001b[?12l\u001b[?25h\u001b[27m\u001b[m\u001b[H\u001b[2J\u001b[?25l\u001b[15;1H\"~/.cache/jot/temp/temp\""
    ],
    [
      2.8e-05,
      " 19L, 427C"
    ],
    [
      0.000196,
      "\u001b[>c"
    ],
    [
      0.000137,
      "\r-- INSERT --\u001b[15;13H\u001b[K"
    ],
    [
      0.000211,
      "\u001b[2;1HThis is my second entry!\r\n\r\nSun Nov 6 16:05:47 2016 -0500  -==- CarefreeValuableEmploy\r\n\r\nQuickly editing the whole document.\r\n\r\nSun Nov 6 16:09:59 2016 -0500  -==- GrumpyWindyAquifer\r\n\r\nEach of these entries is encrypted.\r\n\r\nMon Nov 07 16:20:35 2016 -0500 -==- TediousCurvedUkrainian"
    ],
    [
      3.1e-05,
      "\r\n\r\n\r\n\u001b[1m-- INSERT --\u001b[14;1H\u001b[?12l\u001b[?25h"
    ],
    [
      0.040959,
      "\u001bP+q436f\u001b\\\u001bP+q6b75\u001b\\\u001bP+q6b64\u001b\\\u001bP+q6b72\u001b\\\u001bP+q6b6c\u001b\\\u001bP+q2332\u001b\\\u001bP+q2334\u001b\\\u001bP+q2569\u001b\\\u001bP+q2a37\u001b\\\u001bP+q6b31\u001b\\"
    ],
    [
      1.33565,
      "\u001b[?25l\u001b[mI\u001b[?12l\u001b[?25h"
    ],
    [
      0.1784,
      "\u001b[?25l \u001b[?12l\u001b[?25h"
    ],
    [
      0.157322,
      "\u001b[?25lc\u001b[?12l\u001b[?25h"
    ],
    [
      0.053252,
      "\u001b[?25la\u001b[?12l\u001b[?25h"
    ],
    [
      0.061698,
      "\u001b[?25ln\u001b[?12l\u001b[?25h"
    ],
    [
      0.062213,
      "\u001b[?25l \u001b[?12l\u001b[?25h"
    ],
    [
      0.138241,
      "\u001b[?25le\u001b[?12l\u001b[?25h"
    ],
    [
      0.125028,
      "\u001b[?25la\u001b[?12l\u001b[?25h"
    ],
    [
      0.096858,
      "\u001b[?25ls\u001b[?12l\u001b[?25h"
    ],
    [
      0.08747,
      "\u001b[?25li\u001b[?12l\u001b[?25h"
    ],
    [
      0.042955,
      "\u001b[?25ll\u001b[?12l\u001b[?25h"
    ],
    [
      0.106698,
      "\u001b[?25ly\u001b[?12l\u001b[?25h"
    ],
    [
      0.100373,
      "\u001b[?25l \u001b[?12l\u001b[?25h"
    ],
    [
      0.162822,
      "\u001b[?25ll\u001b[?12l\u001b[?25h"
    ],
    [
      0.153193,
      "\u001b[?25lo\u001b[?12l\u001b[?25h"
    ],
    [
      0.05782,
      "\u001b[?25la\u001b[?12l\u001b[?25h"
    ],
    [
      0.076181,
      "\u001b[?25ld\u001b[?12l\u001b[?25h"
    ],
    [
      0.126978,
      "\u001b[?25l \u001b[?12l\u001b[?25h"
    ],
    [
      0.166608,
      "\u001b[?25lt\u001b[?12l\u001b[?25h"
    ],
    [
      0.068002,
      "\u001b[?25lh\u001b[?12l\u001b[?25h"
    ],
    [
      0.08418,
      "\u001b[?25le\u001b[?12l\u001b[?25h"
    ],
    [
      0.06858,
      "\u001b[?25l \u001b[?12l\u001b[?25h"
    ],
    [
      0.139737,
      "\u001b[?25le\u001b[?12l\u001b[?25h"
    ],
    [
      0.064832,
      "\u001b[?25ln\u001b[?12l\u001b[?25h"
    ],
    [
      0.10817,
      "\u001b[?25lt\u001b[?12l\u001b[?25h"
    ],
    [
      0.042741,
      "\u001b[?25li\u001b[?12l\u001b[?25h"
    ],
    [
      0.102383,
      "\u001b[?25lr\u001b[?12l\u001b[?25h"
    ],
    [
      0.036122,
      "\u001b[?25le\u001b[?12l\u001b[?25h"
    ],
    [
      0.067212,
      "\u001b[?25l \u001b[?12l\u001b[?25h"
    ],
    [
      0.11779,
      "\u001b[?25ld\u001b[?12l\u001b[?25h"
    ],
    [
      0.051261,
      "\u001b[?25lo\u001b[?12l\u001b[?25h"
    ],
    [
      0.21083,
      "\u001b[?25lc\u001b[?12l\u001b[?25h"
    ],
    [
      0.032794,
      "\u001b[?25lu\u001b[?12l\u001b[?25h"
    ],
    [
      0.187391,
      "\u001b[?25lm\u001b[?12l\u001b[?25h"
    ],
    [
      0.082067,
      "\u001b[?25le\u001b[?12l\u001b[?25h"
    ],
    [
      0.071972,
      "\u001b[?25ln\u001b[?12l\u001b[?25h"
    ],
    [
      0.075781,
      "\u001b[?25lt\u001b[?12l\u001b[?25h"
    ],
    [
      0.09861,
      "\u001b[?25l \u001b[?12l\u001b[?25h"
    ],
    [
      0.12144,
      "\u001b[?25lw\u001b[?12l\u001b[?25h"
    ],
    [
      0.045516,
      "\u001b[?25li\u001b[?12l\u001b[?25h"
    ],
    [
      0.106084,
      "\u001b[?25lt\u001b[?12l\u001b[?25h"
    ],
    [
      0.015738,
      "\u001b[?25lh\u001b[?12l\u001b[?25h"
    ],
    [
      0.062656,
      "\u001b[?25l \u001b[?12l\u001b[?25h"
    ],
    [
      0.153165,
      "\u001b[?25l-\u001b[?12l\u001b[?25h"
    ],
    [
      0.110749,
      "\u001b[?25l-\u001b[?12l\u001b[?25h"
    ],
    [
      0.126017,
      "\u001b[?25la\u001b[?12l\u001b[?25h"
    ],
    [
      0.065051,
      "\u001b[?25ll\u001b[?12l\u001b[?25h"
    ],
    [
      0.128063,
      "\u001b[?25ll\u001b[?12l\u001b[?25h"
    ],
    [
      0.316791,
      "\u001b[15;1H\u001b[K\u001b[14;48H"
    ],
    [
      0.415397,
      "\u001b[?25l"
    ],
    [
      0.000262,
      "\u001b[?12l\u001b[?25h\u001b[?25l\r\n:"
    ],
    [
      4e-05,
      "\u001b[?12l\u001b[?25h"
    ],
    [
      0.223963,
      "w"
    ],
    [
      4.5e-05,
      "\u001b[?25l\u001b[?12l\u001b[?25h"
    ],
    [
      0.063114,
      "q"
    ],
    [
      4.6e-05,
      "\u001b[?25l\u001b[?12l\u001b[?25h"
    ],
    [
      0.34286,
      "!"
    ],
    [
      4.5e-05,
      "\u001b[?25l\u001b[?12l\u001b[?25h"
    ],
    [
      0.678334,
      "\r"
    ],
    [
      5.4e-05,
      "\u001b[?25l"
    ],
    [
      0.000111,
      "\".cache/jot/temp/temp\""
    ],
    [
      0.005877,
      " 19L, 475C written"
    ],
    [
      0.000857,
      "\r\r\r\n\u001b[?1l\u001b>\u001b[?12l\u001b[?25h\u001b[?1049l"
    ],
    [
      0.035646,
      "Created entry TediousCurvedUkrainian (+9 words)\r\nPushing changes"
    ],
    [
      1.330947,
      "...done (1.330989138s)\r\n"
    ],
    [
      0.004106,
      "\u001b[1m\u001b[7m%\u001b[27m\u001b[1m\u001b[0m                                                                               \r \r"
    ],
    [
      0.000182,
      "\u001b]2;demo@server8: ~\u0007"
    ],
    [
      4.1e-05,
      "\u001b]1;~\u0007"
    ],
    [
      0.013105,
