{
  "height": 15,
  "width": 80,
  "version": 1,
  "title": null,
  "env": {
    "TERM": "xterm",
    "SHELL": "/usr/bin/zsh"
  },
  "command": null,
  "duration": 35.727215,
  "stdout": [
    [
      0.128157,
      "\u001b[1m\u001b[7m%\u001b[27m\u001b[1m\u001b[0m                                                                               \r \r\u001b]2;demo@server8: ~\u0007\u001b]1;~\u0007"
    ],
    [
      0.025687,
      "\r\u001b[0m\u001b[27m\u001b[24m\u001b[J\u001b[39m\u001b[0m\u001b[49m\u001b[40m\u001b[39m demo@server8 \u001b[44m\u001b[30m\u001b[30m ~ \u001b[49m\u001b[34m\u001b[39m \u001b[K"
    ],
    [
      0.000213,
      "\u001b[?1h\u001b="
    ],
    [
      0.566878,
      "s"
    ],
    [
      0.085553,
      "\bsd"
    ],
    [
      0.188723,
      "e"
    ],
    [
      0.150473,
      "e"
    ],
    [
      0.071875,
      "s"
    ],
    [
      0.26686,
      " "
    ],
    [
      2.205615,
      "n"
    ],
    [
      0.182896,
      "u"
    ],
    [
      0.141838,
      "t"
    ],
    [
      0.109703,
      "s"
    ],
    [
      0.167919,
      "."
    ],
    [
      0.158044,
      "t"
    ],
    [
      0.183681,
      "x"
    ],
    [
      0.083543,
      "t"
    ],
    [
      0.768715,
      "\u001b[?1l\u001b>"
    ],
    [
      0.000162,
      "\r\r\n"
    ],
    [
      0.000456,
      "\u001b]2;sdees nuts.txt\u0007"
    ],
    [
      3e-05,
      "\u001b]1;sdees\u0007"
    ],
    [
      0.329934,
      "Enter password: "
    ],
    [
      0.951406,
      "\r\nFetching...done (984.373625ms).\r\n"
    ],
    [
      0.020927,
      "\u001b[?1049h\u001b[?1h\u001b=\u001b[2;1H▽\u001b[6n\u001b[1;1H  \u001b[1;1H"
    ],
    [
      0.000368,
      "\u001b[1;15r\u001b[?12;25h\u001b[?12l\u001b[?25h\u001b[27m\u001b[m\u001b[H\u001b[2J\u001b[?25l\u001b[15;1H\"~/.cache/sdees/temp/temp\""
    ],
    [
      5.3e-05,
      " 3L, 55C"
    ],
    [
      0.000125,
      "\u001b[>c"
    ],
    [
      8.7e-05,
      "\r-- INSERT --\u001b[15;13H\u001b[K"
    ],
    [
      0.000155,
      "\u001b[1;1HMon Nov 07 16:24:08 2016 -0500 -==- HumbleItchyDeath\r\n\r\n\r\n\u001b[1m\u001b[34m~                                                                               \u001b[5;1H~                                                                               \u001b[6;1H~                                                                               \u001b[7;1H~                                                                               \u001b[8;1H~                                                                               \u001b[9;1H~                                                                               \u001b[10;1H~                                                                               \u001b[11;1H~                                                                               \u001b[12;1H~                                                                               \u001b[13;1H~                                                                               \u001b[14;1H~                                                                               "
    ],
    [
      2.1e-05,
      "\u001b[m\u001b[15;1H\u001b[1m-- INSERT --\u001b[3;1H\u001b[?12l\u001b[?25h"
    ],
    [
      0.036762,
      "\u001bP+q436f\u001b\\\u001bP+q6b75\u001b\\\u001bP+q6b64\u001b\\\u001bP+q6b72\u001b\\\u001bP+q6b6c\u001b\\\u001bP+q2332\u001b\\\u001bP+q2334\u001b\\\u001bP+q2569\u001b\\\u001bP+q2a37\u001b\\\u001bP+q6b31\u001b\\"
    ],
    [
      1.574986,
      "\u001b[2;1H"
    ],
    [
      0.177972,
      "\u001b[1;1H"
    ],
    [
      0.128679,
      "\u0007"
    ],
    [
      0.187243,
      "\u001b[m\u001b[15;1H\u001b[K\u001b[1;1H"
    ],
    [
      0.446369,
      "\u001b[?25l"
    ],
    [
      0.000239,
      "\u001b[?12l\u001b[?25h\u001b[51C"
    ],
    [
      0.315747,
      "\u001b[?25l\u001b[15;1H\u001b[1m-- INSERT --"
    ],
    [
      0.000232,
      "\u001b[1;53H\u001b[?12l\u001b[?25h"
    ],
    [
      0.222831,
      "\b"
    ],
    [
      0.493816,
      "\b"
    ],
    [
      0.499452,
      "\b"
    ],
    [
      0.037556,
      "\b"
    ],
    [
      0.02432,
      "\b"
    ],
    [
      0.030518,
      "\b"
    ],
    [
      0.049028,
      "\b"
    ],
    [
      0.009075,
      "\b"
    ],
    [
      0.031007,
      "\b"
    ],
    [
      0.029491,
      "\b"
    ],
    [
      0.030856,
      "\b"
    ],
    [
      0.031019,
      "\b"
    ],
    [
      0.03244,
      "\b"
    ],
    [
      0.028474,
      "\b"
    ],
    [
      0.156206,
      "\b"
    ],
    [
      0.151669,
      "\b"
    ],
    [
      0.135404,
      "\u001b[m\u001b[15;1H\u001b[K\u001b[1;36H"
    ],
    [
      0.274053,
      "\u001b[?25l"
    ],
    [
      0.000248,
      "\u001b[?12l\u001b[?25h"
    ],
    [
      0.155602,
      "\u001b[?25lHumbleItchyDeath\u001b[1;52H\u001b[K\u001b[1;36H\u001b[?12l\u001b[?25h"
    ],
    [
      0.575597,
      "\u001b[?25l\u001b[1;36H\u001b[K\u001b[1;35H\u001b[?12l\u001b[?25h"
    ],
    [
      0.382375,
      "\u001b[?25l\u001b[15;1H\u001b[1m-- INSERT --"
    ],
    [
      0.000221,
      "\u001b[1;36H\u001b[?12l\u001b[?25h"
    ],
    [
      0.42552,
      "\u001b[?25l\u001b[m \u001b[?12l\u001b[?25h"
    ],
    [
      0.558547,
      "\u001b[?25lY\u001b[?12l\u001b[?25h"
    ],
    [
      0.159652,
      "\u001b[?25lo\u001b[?12l\u001b[?25h"
    ],
    [
      0.042275,
      "\u001b[?25lu\u001b[?12l\u001b[?25h"
    ],
    [
      0.092099,
      "\u001b[?25l \u001b[?12l\u001b[?25h"
    ],
    [
      0.183422,
      "\u001b[?25lc\u001b[?12l\u001b[?25h"
    ],
    [
      0.0492,
      "\u001b[?25la\u001b[?12l\u001b[?25h"
    ],
    [
      0.065515,
      "\u001b[?25ln\u001b[?12l\u001b[?25h"
    ],
    [
      0.067077,
      "\u001b[?25l \u001b[?12l\u001b[?25h"
    ],
    [
      0.226776,
      "\u001b[?25ln\u001b[?12l\u001b[?25h"
    ],
    [
      0.075302,
      "\u001b[?25la\u001b[?12l\u001b[?25h"
    ],
    [
      0.100946,
      "\u001b[?25lm\u001b[?12l\u001b[?25h"
    ],
    [
      0.075663,
      "\u001b[?25le\u001b[?12l\u001b[?25h"
    ],
    [
      0.099311,
      "\u001b[?25l \u001b[?12l\u001b[?25h"
    ],
    [
      0.079749,
      "\u001b[?25le\u001b[?12l\u001b[?25h"
    ],
    [
      0.078941,
      "\u001b[?25ln\u001b[?12l\u001b[?25h"
    ],
    [
      0.08093,
      "\u001b[?25lt\u001b[?12l\u001b[?25h"
    ],
    [
      0.1378,
      "\u001b[?25lr\u001b[?12l\u001b[?25h"
    ],
    [
      0.043632,
      "\u001b[?25li\u001b[?12l\u001b[?25h"
    ],
    [
      0.114587,
      "\u001b[?25le\u001b[?12l\u001b[?25h"
    ],
    [
      0.070417,
      "\u001b[?25ls\u001b[?12l\u001b[?25h"
    ],
    [
      0.1131,
      "\u001b[?25l \u001b[?12l\u001b[?25h"
    ],
    [
      0.171298,
      "\u001b[?25la\u001b[?12l\u001b[?25h"
    ],
    [
      0.043943,
      "\u001b[?25ln\u001b[?12l\u001b[?25h"
    ],
    [
      0.168022,
      "\u001b[?25ly\u001b[?12l\u001b[?25h"
    ],
    [
      0.079317,
      "\u001b[?25lt\u001b[?12l\u001b[?25h"
    ],
    [
      0.097162,
      "\u001b[?25lh\u001b[?12l\u001b[?25h"
    ],
    [
      0.076849,
      "\u001b[?25li\u001b[?12l\u001b[?25h"
    ],
    [
      0.081991,
      "\u001b[?25ln\u001b[?12l\u001b[?25h"
    ],
    [
      0.067206,
      "\u001b[?25lg\u001b[?12l\u001b[?25h"
    ],
    [
      0.387598,
      "\u001b[?25l\u001b[2;14r\u001b[2;1H\u001b[L\u001b[1;15r"
    ],
    [
      4.5e-05,
      "\u001b[2;1H\u001b[?12l\u001b[?25h"
    ],
    [
      0.322275,
      "\u001b[?25l\u001b[3;14r\u001b[3;1H\u001b[L\u001b[1;15r"
    ],
    [
      4.4e-05,
      "\u001b[3;1H\u001b[?12l\u001b[?25h"
    ],
    [
      0.739515,
      "\u001b[?25lT\u001b[?12l\u001b[?25h"
    ],
    [
      0.109564,
      "\u001b[?25lh\u001b[?12l\u001b[?25h"
    ],
    [
      0.078231,
      "\u001b[?25la\u001b[?12l\u001b[?25h"
    ],
    [
      0.075766,
      "\u001b[?25lt\u001b[?12l\u001b[?25h"
    ],
    [
      0.136446,
