{
  "duration": 5.63476,
  "version": 1,
  "title": null,
  "env": {
    "TERM": "xterm",
    "SHELL": "/usr/bin/zsh"
  },
  "stdout": [
    [
      0.129547,
      "\u001b[1m\u001b[7m%\u001b[27m\u001b[1m\u001b[0m                                                                                 \r \r\u001b]2;demo@server8: ~\u0007\u001b]1;~\u0007"
    ],
    [
      0.023596,
      "\r\u001b[0m\u001b[27m\u001b[24m\u001b[J\u001b[01;32m➜  \u001b[36m~\u001b[00m \u001b[K"
    ],
    [
      7.7e-05,
      "\u001b[?1h\u001b="
    ],
    [
      0.761724,
      "j"
    ],
    [
      0.063911,
      "\bjo"
    ],
    [
      0.027809,
      "t"
    ],
    [
      0.149216,
      " "
    ],
    [
      0.072163,
      "-"
    ],
    [
      0.116218,
      "-"
    ],
    [
      0.082765,
      "c"
    ],
    [
      0.09167,
      "l"
    ],
    [
      0.084896,
      "e"
    ],
    [
      0.058723,
      "a"
    ],
    [
      0.096136,
      "n"
    ],
    [
      0.332344,
      "\u001b[?1l\u001b>"
    ],
    [
      4.4e-05,
      "\r\r\n"
    ],
    [
      0.000613,
      "\u001b]2;jot --clean\u0007"
    ],
    [
      4.1e-05,
      "\u001b]1;jot\u0007"
    ],
    [
      0.197183,
      "\r\nThis will remove all local files, but not remote. Are you sure? (y/n) "
    ],
    [
      0.737899,
      "y"
    ],
    [
      0.453722,
      "\r\n"
    ],
    [
      0.066259,
      "All local files removed\r\n"
    ],
    [
      0.002174,
      "\u001b[1m\u001b[7m%\u001b[27m\u001b[1m\u001b[0m                                                                                 \r \r"
    ],
    [
      0.000192,
      "\u001b]2;demo@server8: ~\u0007"
    ],
    [
      3.9e-05,
      "\u001b]1;~\u0007"
    ],
    [
      0.010092,
      "\r\u001b[0m\u001b[27m\u001b[24m\u001b[J\u001b[01;32m➜  \u001b[36m~\u001b[00m \u001b[K"
    ],
    [
      4.8e-05,
      "\u001b[?1h\u001b="
    ],
    [
      2.069697,
      "\r\r\n"
    ]
  ],
  "width": 82,
  "height": 16,
  "command": null
}