{
  "height": 16,
  "version": 1,
  "stdout": [
    [
      0.126579,
      "\u001b[1m\u001b[7m%\u001b[27m\u001b[1m\u001b[0m                                                                                 \r \r\u001b]2;demo@server8: ~\u0007\u001b]1;~\u0007"
    ],
    [
      0.025334,
      "\r\u001b[0m\u001b[27m\u001b[24m\u001b[J\u001b[01;32m➜  \u001b[36m~\u001b[00m \u001b[K"
    ],
    [
      7.9e-05,
      "\u001b[?1h\u001b="
    ],
    [
      0.692096,
      "j"
    ],
    [
      0.043221,
      "\bgojo"
    ],
    [
      0.099966,
      "t"
    ],
    [
      0.108363,
      " "
    ],
    [
      0.07257,
      "-"
    ],
    [
      0.123316,
      "-"
    ],
    [
      0.100124,
      "s"
    ],
    [
      0.114988,
      "t"
    ],
    [
      0.096039,
      "a"
    ],
    [
      0.060554,
      "t"
    ],
    [
      0.098706,
      "s"
    ],
    [
      0.800004,
      "\u001b[?1l\u001b>"
    ],
    [
      5.1e-05,
      "\r\r\n"
    ],
    [
      0.000687,
      "\u001b]2;gojot --stats\u0007\u001b]1;gojot\u0007"
    ],
    [
      0.220094,
      "Enter password: "
    ],
    [
      1.115289,
      "\r\n"
    ],
    [
      3e-05,
      "Fetching..."
    ],
    [
      0.180646,
      "\r 0 / 1 [-----------------------------------------------------------------]   0.00%"
    ],
    [
      0.000368,
      "\r 0 / 1 [--------------------------------------------------------------]   0.00% 0s"
    ],
    [
      2e-05,
      "\r\n"
    ],
    [
      0.065879,
      "done (1.379193027s).\r\n"
    ],
    [
      0.680558,
      "Getting info...\r\n"
    ],
    [
      0.985662,
      "\r\n+----------+-----------+---------------+-----------------+-------------+\r\n| DOCUMENT | # ENTRIES |"
    ],
    [
      6.2e-05,
      " TOTAL # WORDS | AVERAGE # WORDS | MAX # WORDS |\r\n+----------+-----------+---------------+-----------------+-------------+\r\n| "
    ],
    [
      5.7e-05,
      "dreams   |        17 | "
    ],
    [
      4.5e-05,
      "2,381         |             140 | "
    ],
    [
      4.3e-05,
      "        369 |\r\n| ideas    "
    ],
    [
      4.1e-05,
      "|         4 |           219"
    ],
    [
      4.5e-05,
      " |              54 |         141"
    ],
    [
      4.5e-05,
      " |\r\n| gojournal  |"
    ],
    [
      4.1e-05,
      " 1,070     | 423,893       "
    ],
    [
      4.2e-05,
      "|             396 | 16,788      "
    ],
    [
      4e-05,
      "|\r\n| lists   "
    ],
    [
      4.1e-05,
      " |         6 | 4,376        "
    ],
    [
      4.3e-05,
      " |             729 | 3,116       "
    ],
    [
      3.9e-05,
      "|\r\n| notes    | "
    ],
    [
      3.9e-05,
      "        2 |            18 | "
    ],
    [
      4.1e-05,
      "              9 |          13 |\r\n"
    ],
    [
      3.8e-05,
      "| recipes  |         4"
    ],
    [
      3.8e-05,
      " |           529 |             132"
    ],
    [
      3.8e-05,
      " |         212 |\r\n|"
    ],
    [
      4.2e-05,
      " stories  |         1 |"
    ],
    [
      5.5e-05,
      "            41 |              41 | "
    ],
    [
      5e-05,
      "         41 |\r\n+----------+-----------+---------------+-----------------+"
    ],
    [
      0.000238,
      "-------------+\r\n\r\n"
    ],
    [
      0.002245,
      "\u001b[1m\u001b[7m%\u001b[27m\u001b[1m\u001b[0m                                                                                 \r \r"
    ],
    [
      0.000161,
      "\u001b]2;demo@server8: ~\u0007"
    ],
    [
      4.4e-05,
      "\u001b]1;~\u0007"
    ],
    [
      0.0081,
      "\r\u001b[0m\u001b[27m\u001b[24m\u001b[J\u001b[01;32m➜  \u001b[36m~\u001b[00m \u001b[K"
    ],
    [
      5.5e-05,
      "\u001b[?1h\u001b="
    ],
    [
      3.274273,
      "\r\r\n"
    ]
  ],
  "duration": 9.100499,
  "command": null,
  "width": 82,
  "env": {
    "TERM": "xterm",
    "SHELL": "/usr/bin/zsh"
  },
  "title": null
}