{
  "height": 15,
  "env": {
    "TERM": "xterm",
    "SHELL": "/usr/bin/zsh"
  },
  "command": null,
  "title": null,
  "duration": 13.276196,
  "width": 80,
  "stdout": [
    [
      0.130861,
      "\u001b[1m\u001b[7m%\u001b[27m\u001b[1m\u001b[0m                                                                               \r \r\u001b]2;demo@server8: ~\u0007\u001b]1;~\u0007"
    ],
    [
      0.025294,
      "\r\u001b[0m\u001b[27m\u001b[24m\u001b[J\u001b[39m\u001b[0m\u001b[49m\u001b[40m\u001b[39m demo@server8 \u001b[44m\u001b[30m\u001b[30m ~ \u001b[49m\u001b[34m\u001b[39m \u001b[K"
    ],
    [
      0.000105,
      "\u001b[?1h\u001b="
    ],
    [
      1.234971,
      "s"
    ],
    [
      0.065702,
      "\bsd"
    ],
    [
      0.191718,
      "e"
    ],
    [
      0.150665,
      "e"
    ],
    [
      0.085294,
      "s"
    ],
    [
      0.248448,
      "\u001b[?1l\u001b>"
    ],
    [
      4.4e-05,
      "\r\r\n"
    ],
    [
      0.000566,
      "\u001b]2;jot\u0007"
    ],
    [
      2.9e-05,
      "\u001b]1;jot\u0007"
    ],
    [
      0.37979,
      "Enter password: "
    ],
    [
      0.668905,
      "\r\nFetching...done (706.834209ms).\r\n"
    ],
    [
      0.008875,
      "\r\n+---+-----------+-----------+\r\n"
    ],
    [
      5.5e-05,
      "| # | DOCUMENT  | # ENTRIES |\r\n"
    ],
    [
      6.4e-05,
      "+---+-----------+"
    ],
    [
      3.3e-05,
      "-----------+\r\n|"
    ],
    [
      2.3e-05,
      " "
    ],
    [
      7.2e-05,
      "1"
    ],
    [
      2.5e-05,
      " | "
    ],
    [
      6.8e-05,
      "notes.txt"
    ],
    [
      2.5e-05,
      " |"
    ],
    [
      2.5e-05,
      "         1"
    ],
    [
      2.6e-05,
      " |"
    ],
    [
      2.3e-05,
      "\r\n+"
    ],
    [
      2.1e-05,
      "---+-----------+"
    ],
    [
      2.7e-05,
      "-----------+"
    ],
    [
      2.1e-05,
      "\r\n"
    ],
    [
      4e-05,
      "\r\n\r\n"
    ],
    [
      2.3e-05,
      "Which document (press enter for 'notes.txt', or type name): "
    ],
    [
      1.45586,
      "\r\n"
    ],
    [
      0.001552,
      "\r\nLoad all entries (press enter for 'n')? (y/n) "
    ],
    [
      0.565905,
      "y"
    ],
    [
      0.246132,
      "\r\n"
    ],
    [
      0.029017,
      "\u001b[?1049h\u001b[?1h\u001b="
    ],
    [
      0.000746,
      "\u001b[1;15r\u001b[?12;25h\u001b[?12l\u001b[?25h\u001b[27m\u001b[m\u001b[H\u001b[2J\u001b[?25l\u001b[15;1H\"~/.cache/jot/temp/temp\""
    ],
    [
      4.9e-05,
      " 7 lines, 151 characters"
    ],
    [
      0.000328,
      "\u001b[1;1HSun Nov 6 16:00:59 2016 -0500  -==- HighfalutinCoordinatedWaistband\r\n\r\nThis is my first entry.\r\n\r\nSun Nov 06 16:04:10 2016 -0500 -==- RecentDefiniteCell\r\n\r\n\r\n\u001b[1m\u001b[34m~                                                                               \u001b[9;1H~                                                                               \u001b[10;1H~                                                                               \u001b[11;1H~                                                                               \u001b[12;1H~                                                                               \u001b[13;1H~                                                                               \u001b[14;1H~                                                                               \u001b[7;1H\u001b[?12l\u001b[?25h"
    ],
    [
      0.921015,
      "\u001b[?25l\u001b[mT\u001b[?12l\u001b[?25h"
    ],
    [
      0.156735,
      "\u001b[?25lh\u001b[?12l\u001b[?25h"
    ],
    [
      0.057241,
      "\u001b[?25li\u001b[?12l\u001b[?25h"
    ],
    [
      0.044683,
      "\u001b[?25ls\u001b[?12l\u001b[?25h"
    ],
    [
      0.213256,
      "\u001b[?25l \u001b[?12l\u001b[?25h"
    ],
    [
      0.182526,
      "\u001b[?25li\u001b[?12l\u001b[?25h"
    ],
    [
      0.070627,
      "\u001b[?25ls\u001b[?12l\u001b[?25h"
    ],
    [
      0.137623,
      "\u001b[?25l \u001b[?12l\u001b[?25h"
    ],
    [
      0.09586,
      "\u001b[?25lm\u001b[?12l\u001b[?25h"
    ],
    [
      0.178866,
      "\u001b[?25ly\u001b[?12l\u001b[?25h"
    ],
    [
      0.06455,
      "\u001b[?25l \u001b[?12l\u001b[?25h"
    ],
    [
      0.213221,
      "\u001b[?25ls\u001b[?12l\u001b[?25h"
    ],
    [
      0.089964,
      "\u001b[?25le\u001b[?12l\u001b[?25h"
    ],
    [
      0.187378,
      "\u001b[?25lc\u001b[?12l\u001b[?25h"
    ],
    [
      0.082154,
      "\u001b[?25lo\u001b[?12l\u001b[?25h"
    ],
    [
      0.036045,
      "\u001b[?25ln\u001b[?12l\u001b[?25h"
    ],
    [
      0.048201,
      "\u001b[?25ld\u001b[?12l\u001b[?25h"
    ],
    [
      0.131761,
      "\u001b[?25l \u001b[?12l\u001b[?25h"
    ],
    [
      0.068878,
      "\u001b[?25le\u001b[?12l\u001b[?25h"
    ],
    [
      0.082598,
      "\u001b[?25ln\u001b[?12l\u001b[?25h"
    ],
    [
      0.103442,
      "\u001b[?25lt\u001b[?12l\u001b[?25h"
    ],
    [
      0.129701,
      "\u001b[?25lr\u001b[?12l\u001b[?25h"
    ],
    [
      0.085295,
      "\u001b[?25ly\u001b[?12l\u001b[?25h"
    ],
    [
      0.187153,
      "\u001b[?25l!\u001b[?12l\u001b[?25h"
    ],
    [
      0.704727,
      "\b"
    ],
    [
      0.329764,
      "\u001b[?25l\u001b[15;1H\u001b[K\u001b[15;1H:"
    ],
    [
      4.7e-05,
      "\u001b[?12l\u001b[?25h"
    ],
    [
      0.145758,
      "w"
    ],
    [
      0.000657,
      "\u001b[?25l\u001b[?12l\u001b[?25h"
    ],
    [
      0.054316,
      "q"
    ],
    [
      4.6e-05,
      "\u001b[?25l\u001b[?12l\u001b[?25h"
    ],
    [
      0.262336,
      "!"
    ],
    [
      4.6e-05,
      "\u001b[?25l\u001b[?12l\u001b[?25h"
    ],
    [
      0.282942,
      "\r"
    ],
    [
      4.7e-05,
      "\u001b[?25l"
    ],
    [
      4.6e-05,
      "\".cache/jot/temp/temp\""
    ],
    [
      0.00594,
      " 7 lines, 175 characters written"
    ],
    [
      9.7e-05,
      "\r\r\r\n\u001b[?1l\u001b>"
    ],
    [
      4.1e-05,
      "\u001b[?12l\u001b[?25h\u001b[?1049l"
    ],
    [
      0.03113,
      "Created entry RecentDefiniteCell (+5 words)\r\nPushing changes"
    ],
    [
      1.44451,
      "...done (1.444545s)\r\n"
    ],
    [
      0.004149,
      "\u001b[1m\u001b[7m%\u001b[27m\u001b[1m\u001b[0m                                                                               \r \r"
    ],
    [
      0.000111,
      "\u001b]2;demo@server8: ~\u0007"
    ],
    [
      4.1e-05,
      "\u001b]1;~\u0007"
    ],
    [
      0.01283,
      "\r\u001b[0m\u001b[27m\u001b[24m\u001b[J\u001b[39m\u001b[0m\u001b[49m\u001b[40m\u001b[39m demo@server8 \u001b[44m\u001b[30m\u001b[30m ~ \u001b[49m\u001b[34m\u001b[39m \u001b[K\u001b[?1h\u001b="
    ],
    [
      0.934099,
      "\r\r\n"
    ]
  ],
  "version": 1
}