{
  "title": null,
  "width": 82,
  "duration": 18.055599,
  "env": {
    "TERM": "xterm",
    "SHELL": "/usr/bin/zsh"
  },
  "height": 16,
  "command": null,
  "version": 1,
  "stdout": [
    [
      0.114518,
      "\u001b[1m\u001b[7m%\u001b[27m\u001b[1m\u001b[0m                                                                                 \r \r"
    ],
    [
      3.4e-05,
      "\u001b]2;demo@server8: ~\u0007\u001b]1;~\u0007"
    ],
    [
      0.02481,
      "\r\u001b[0m\u001b[27m\u001b[24m\u001b[J\u001b[01;32m➜  \u001b[36m~\u001b[00m \u001b[K"
    ],
    [
      2.2e-05,
      "\u001b[?1h\u001b="
    ],
    [
      0.923301,
      "j"
    ],
    [
      0.080011,
      "\bjo"
    ],
    [
      0.106905,
      "t"
    ],
    [
      0.113378,
      " "
    ],
    [
      0.073925,
      "-"
    ],
    [
      0.10537,
      "-"
    ],
    [
      0.247425,
      "d"
    ],
    [
      0.161862,
      "e"
    ],
    [
      0.086667,
      "l"
    ],
    [
      0.063025,
      "e"
    ],
    [
      0.121352,
      "t"
    ],
    [
      0.07989,
      "e"
    ],
    [
      0.15805,
      " "
    ],
    [
      0.140141,
      "n"
    ],
    [
      0.059511,
      "o"
    ],
    [
      0.054902,
      "t"
    ],
    [
      0.05787,
      "e"
    ],
    [
      0.053772,
      "s"
    ],
    [
      0.159857,
      "\u001b[?1l\u001b>"
    ],
    [
      5.4e-05,
      "\r"
    ],
    [
      4.6e-05,
      "\r\n"
    ],
    [
      0.000557,
      "\u001b]2;jot --delete notes\u0007"
    ],
    [
      6.1e-05,
      "\u001b]1;jot\u0007"
    ],
    [
      0.262674,
      "Enter password: "
    ],
    [
      0.778316,
      "\r\nFetching..."
    ],
    [
      0.500394,
      "\r 0 / 1 [-----------------------------------------------------------------]   0.00%"
    ],
    [
      0.000283,
      "\r 0 / 1 [--------------------------------------------------------------]   0.00% 0s\r\n"
    ],
    [
      0.066099,
      "done (1.362025393s).\r\n"
    ],
    [
      0.141926,
      "Are you sure you want to delete the document notes? (y/n) "
    ],
    [
      0.837908,
      "y"
    ],
    [
      0.36758,
      "\r\n"
    ],
    [
      0.131517,
      "Deleted entry AuspiciousRaggedBondsman\r\n"
    ],
    [
      0.046912,
      "Deleting on remote"
    ],
    [
      1.263935,
      "...done\r\n"
    ],
    [
      0.00454,
      "\u001b[1m\u001b[7m%\u001b[27m\u001b[1m\u001b[0m                                                                                 \r \r"
    ],
    [
      0.000113,
      "\u001b]2;demo@server8: ~\u0007"
    ],
    [
      4e-05,
      "\u001b]1;~\u0007"
    ],
    [
      0.011452,
      "\r\u001b[0m\u001b[27m\u001b[24m\u001b[J\u001b[01;32m➜  \u001b[36m~\u001b[00m \u001b[K"
    ],
    [
      4.8e-05,
      "\u001b[?1h\u001b="
    ],
    [
      2.511453,
      "j"
    ],
    [
      0.070352,
      "\bjo"
    ],
    [
      0.11533,
      "t"
    ],
    [
      0.632487,
      " "
    ],
    [
      0.287901,
      "-"
    ],
    [
      0.180053,
      "-"
    ],
    [
      0.137012,
      "s"
    ],
    [
      0.093567,
      "t"
    ],
    [
      0.104206,
      "a"
    ],
    [
      0.064901,
      "t"
    ],
    [
      0.08121,
      "s"
    ],
    [
      0.147141,
      "\u001b[?1l\u001b>"
    ],
    [
      4.5e-05,
      "\r\r\n"
    ],
    [
      0.002339,
      "\u001b]2;jot --stats\u0007\u001b]1;jot\u0007"
    ],
    [
      0.194443,
      "Enter password: "
    ],
    [
      0.58993,
      "\r\nFetching..."
    ],
    [
      0.699054,
      "\r 0 / 1 [-----------------------------------------------------------------]   0.00%"
    ],
    [
      0.000182,
      "\r 0 / 1 [--------------------------------------------------------------]   0.00% 0s\r\n"
    ],
    [
      0.07596,
      "done (1.378012168s).\r\n"
    ],
    [
      0.678557,
      "Getting info...\r\n"
    ],
    [
      0.885696,
      "\r\n+----------+-----------+---------------+-----------------+-------------+\r\n| DOCUMENT | # ENTRIES | TOTAL # WORDS | AVERAGE # WORDS | MAX # WORDS |"
    ],
    [
      6.2e-05,
      "\r\n+----------+-----------+---------------+-----------------+-------------+\r\n| dreams   | "
    ],
    [
      4.7e-05,
      "       17 | 2,381         |             140 |"
    ],
    [
      4.3e-05,
      "         369 |\r\n| ideas    | "
    ],
    [
      4.2e-05,
      "        4 |           219 | "
    ],
    [
      0.000821,
      "             54 |         141 |\r\n| journal  | 1,070     | 423,893       |             396 | 16,788      |\r\n| lists    |         6 | 4,376         |             729 | 3,116       |\r\n| recipes  |         4 |           529 |             132 |         212 |\r\n| stories  |         1 |            41 |              41 |          41 |\r\n+----------+-----------+---------------+-----------------+-------------+\r\n\r\n"
    ],
    [
      0.002968,
      "\u001b[1m\u001b[7m%\u001b[27m\u001b[1m\u001b[0m                                                                                 \r \r"
    ],
    [
      0.000123,
      "\u001b]2;demo@server8: ~\u0007"
    ],
    [
      3.9e-05,
      "\u001b]1;~\u0007"
    ],
    [
      0.007552,
      "\r\u001b[0m\u001b[27m\u001b[24m\u001b[J\u001b[01;32m➜  \u001b[36m~\u001b[00m \u001b[K"
    ],
    [
      5e-05,
      "\u001b[?1h\u001b="
    ],
    [
      3.087797,
      "\r\r\n"
    ]
  ]
}