{
  "env": {
    "SHELL": "/usr/bin/zsh",
    "TERM": "xterm"
  },
  "width": 82,
  "version": 1,
  "title": null,
  "height": 16,
  "command": null,
  "duration": 17.164774,
  "stdout": [
    [
      0.126716,
      "\u001b[1m\u001b[7m%\u001b[27m\u001b[1m\u001b[0m                                                                                 \r \r\u001b]2;demo@server8: ~\u0007\u001b]1;~\u0007"
    ],
    [
      0.025435,
      "\r\u001b[0m\u001b[27m\u001b[24m\u001b[J\u001b[01;32m➜  \u001b[36m~\u001b[00m \u001b[K"
    ],
    [
      7.7e-05,
      "\u001b[?1h\u001b="
    ],
    [
      1.342332,
      "j"
    ],
    [
      0.048209,
      "\bjo"
    ],
    [
      0.127804,
      "t"
    ],
    [
      0.08083,
      "s"
    ],
    [
      0.207179,
      " "
    ],
    [
      0.194422,
      "\b"
    ],
    [
      0.107479,
      "\b \b"
    ],
    [
      0.218764,
      " "
    ],
    [
      0.03229,
      "-"
    ],
    [
      0.129413,
      "-"
    ],
    [
      0.122773,
      "d"
    ],
    [
      0.133242,
      "e"
    ],
    [
      0.065096,
      "l"
    ],
    [
      0.096166,
      "e"
    ],
    [
      0.106536,
      "t"
    ],
    [
      0.087286,
      "e"
    ],
    [
      0.204369,
      " "
    ],
    [
      0.507961,
      "E"
    ],
    [
      0.190849,
      "n"
    ],
    [
      0.239384,
      "t"
    ],
    [
      0.155186,
      "r"
    ],
    [
      0.06916,
      "y"
    ],
    [
      0.202254,
      "1"
    ],
    [
      0.140172,
      "1"
    ],
    [
      0.544416,
      "\u001b[?1l\u001b>"
    ],
    [
      4.5e-05,
      "\r\r\n"
    ],
    [
      0.00859,
      "\u001b]2;jot --delete Entry11\u0007\u001b]1;jot\u0007"
    ],
    [
      0.219357,
      "Enter password: "
    ],
    [
      0.976912,
      "\r\nFetching..."
    ],
    [
      0.282265,
      "\r 0 / 1 [-----------------------------------------------------------------]   0.00%"
    ],
    [
      0.000402,
      "\r 0 / 1 [--------------------------------------------------------------]   0.00% 0s\r\n"
    ],
    [
      0.065528,
      "done (1.343277723s).\r\n"
    ],
    [
      0.200185,
      "Are you sure you want to delete the entry 'Entry11' in document 'notes'? (y/n) "
    ],
    [
      0.814991,
      "y"
    ],
    [
      0.469311,
      "\r\n"
    ],
    [
      1.205082,
      "Deleted entry Entry11\r\n"
    ],
    [
      0.004067,
      "\u001b[1m\u001b[7m%\u001b[27m\u001b[1m\u001b[0m                                                                                 \r \r"
    ],
    [
      0.000187,
      "\u001b]2;demo@server8: ~\u0007"
    ],
    [
      4.1e-05,
      "\u001b]1;~\u0007"
    ],
    [
      0.008267,
      "\r\u001b[0m\u001b[27m\u001b[24m\u001b[J\u001b[01;32m➜  \u001b[36m~\u001b[00m \u001b[K"
    ],
    [
      4.9e-05,
      "\u001b[?1h\u001b="
    ],
    [
      1.452986,
      "j"
    ],
    [
      0.053959,
      "\bjo"
    ],
    [
      0.098893,
      "t"
    ],
    [
      0.114856,
      " "
    ],
    [
      0.053138,
      "-"
    ],
    [
      0.120165,
      "-"
    ],
    [
      0.170362,
      "s"
    ],
    [
      0.081298,
      "u"
    ],
    [
      0.147414,
      "m"
    ],
    [
      0.121146,
      "m"
    ],
    [
      0.087388,
      "a"
    ],
    [
      0.051473,
      "r"
    ],
    [
      0.084732,
      "y"
    ],
    [
      0.111389,
      " "
    ],
    [
      0.431265,
      "n"
    ],
    [
      0.056349,
      "o"
    ],
    [
      0.05006,
      "t"
    ],
    [
      0.078179,
      "e"
    ],
    [
      0.044415,
      "s"
    ],
    [
      0.148935,
      "\u001b[?1l\u001b>"
    ],
    [
      4.5e-05,
      "\r\r\n"
    ],
    [
      0.000581,
      "\u001b]2;jot --summary notes\u0007\u001b]1;jot\u0007"
    ],
    [
      0.252328,
      "Enter password: "
    ],
    [
      0.623628,
      "\r\n"
    ],
    [
      0.000649,
      "Fetching..."
    ],
    [
      0.603445,
      "\r 0 / 1 [-----------------------------------------------------------------]   0.00%"
    ],
    [
      0.000159,
      "\r 0 / 1 [--------------------------------------------------------------]   0.00% 0s\r\n"
    ],
    [
      0.062498,
      "done (1.3021404s).\r\n"
    ],
    [
      0.055125,
      "Getting info...\r\n"
    ],
    [
      0.092224,
      "\r\nSummary:\r\n"
    ],
    [
      0.000416,
      "AuspiciousRaggedBondsman - Tue Nov 15 06:47:14 2016 (4 words):\r\n  Some new\r\n"
    ],
    [
      0.002949,
      "\u001b[1m\u001b[7m%\u001b[27m\u001b[1m\u001b[0m                                                                                 \r \r"
    ],
    [
      0.000169,
      "\u001b]2;demo@server8: ~\u0007"
    ],
    [
      4e-05,
      "\u001b]1;~\u0007"
    ],
    [
      0.009898,
      "\r\u001b[0m\u001b[27m\u001b[24m\u001b[J\u001b[01;32m➜  \u001b[36m~\u001b[00m \u001b[K"
    ],
    [
      7.4e-05,
      "\u001b[?1h\u001b="
    ],
    [
      2.136349,
      "\r\r\n"
    ]
  ]
}