{
  "width": 80,
  "height": 15,
  "title": null,
  "command": null,
  "duration": 6.0019,
  "version": 1,
  "stdout": [
    [
      0.128854,
      "\u001b[1m\u001b[7m%\u001b[27m\u001b[1m\u001b[0m                                                                               \r \r\u001b]2;demo@server8: ~\u0007\u001b]1;~\u0007"
    ],
    [
      0.025347,
      "\r\u001b[0m\u001b[27m\u001b[24m\u001b[J\u001b[39m\u001b[0m\u001b[49m\u001b[40m\u001b[39m demo@server8 \u001b[44m\u001b[30m\u001b[30m ~ \u001b[49m\u001b[34m\u001b[39m \u001b[K"
    ],
    [
      5.7e-05,
      "\u001b[?1h\u001b="
    ],
    [
      0.43595,
      "s"
    ],
    [
      0.067882,
      "\bsd"
    ],
    [
      0.331342,
      "e"
    ],
    [
      0.179837,
      "e"
    ],
    [
      0.044975,
      "s"
    ],
    [
      0.46328,
      " "
    ],
    [
      0.154332,
      "-"
    ],
    [
      0.150753,
      "-"
    ],
    [
      0.149671,
      "s"
    ],
    [
      0.155411,
      "t"
    ],
    [
      0.065446,
      "a"
    ],
    [
      0.076521,
      "t"
    ],
    [
      0.288133,
      "s"
    ],
    [
      0.220333,
      "\u001b[?1l\u001b>"
    ],
    [
      5.6e-05,
      "\r\r\n"
    ],
    [
      0.000545,
      "\u001b]2;sdees --stats\u0007"
    ],
    [
      4.7e-05,
      "\u001b]1;sdees\u0007"
    ],
    [
      0.323968,
      "Enter password: "
    ],
    [
      0.71262,
      "\r\nFetching..."
    ],
    [
      0.11465,
      "\r 0 / 1 [---------------------------------------------------------------]   0.00%\r 0 / 1 [------------------------------------------------------------]   0.00% 0s\r\n"
    ],
    [
      0.006435,
      "done (868.44062ms).\r\n"
    ],
    [
      0.042766,
      "\r\n+-----------+-----------+---------------+-----------------+-------------+"
    ],
    [
      5.8e-05,
      "\r\n| DOCUMENT  | # ENTRIES | TOTAL # WORDS | AVERAGE # WORDS | MAX # WORDS |\r\n+-----------+-----------+---------------+-----------------+"
    ],
    [
      4.9e-05,
      "-------------+\r\n| "
    ],
    [
      0.000128,
      "new.txt   |"
    ],
    [
      3.9e-05,
      "         2 |            14 |"
    ],
    [
      4.3e-05,
      "               7 | "
    ],
    [
      5.4e-05,
      "          8 |\r\n| "
    ],
    [
      4e-05,
      "notes.txt |         4 |"
    ],
    [
      4.6e-05,
      "            21 |               5 "
    ],
    [
      4.3e-05,
      "|           6 |\r\n+"
    ],
    [
      4e-05,
      "-----------+-----------+---------------+-----------------+"
    ],
    [
      4.6e-05,
      "-------------+\r\n\r\n"
    ],
    [
      0.002111,
      "\u001b[1m\u001b[7m%\u001b[27m\u001b[1m\u001b[0m                                                                               \r \r"
    ],
    [
      5.5e-05,
      "\u001b]2;demo@server8: ~\u0007\u001b]1;~\u0007"
    ],
    [
      0.012053,
      "\r\u001b[0m\u001b[27m\u001b[24m\u001b[J\u001b[39m\u001b[0m\u001b[49m\u001b[40m\u001b[39m demo@server8 \u001b[44m\u001b[30m\u001b[30m ~ \u001b[49m\u001b[34m\u001b[39m \u001b[K\u001b[?1h\u001b="
    ],
    [
      1.845461,
      "\r\r\n"
    ]
  ],
  "env": {
    "SHELL": "/usr/bin/zsh",
    "TERM": "xterm"
  }
}