{
  "duration": 17.40495,
  "version": 1,
  "env": {
    "SHELL": "/usr/bin/zsh",
    "TERM": "xterm"
  },
  "title": null,
  "width": 82,
  "stdout": [
    [
      0.118467,
      "\u001b[1m\u001b[7m%\u001b[27m\u001b[1m\u001b[0m                                                                                 \r \r\u001b]2;demo@server8: ~\u0007\u001b]1;~\u0007"
    ],
    [
      0.017768,
      "\r\u001b[0m\u001b[27m\u001b[24m\u001b[J\u001b[01;32m➜  \u001b[36m~\u001b[00m \u001b[K"
    ],
    [
      8.9e-05,
      "\u001b[?1h\u001b="
    ],
    [
      0.549388,
      "j"
    ],
    [
      0.073646,
      "\bgojo"
    ],
    [
      0.099037,
      "t"
    ],
    [
      0.199039,
      " "
    ],
    [
      1.006447,
      "E"
    ],
    [
      0.156392,
      "n"
    ],
    [
      0.083056,
      "t"
    ],
    [
      0.172143,
      "r"
    ],
    [
      0.58702,
      "y"
    ],
    [
      0.239892,
      "1"
    ],
    [
      0.155879,
      "1"
    ],
    [
      0.816826,
      "\u001b[?1l\u001b>"
    ],
    [
      0.000186,
      "\r\r\n"
    ],
    [
      0.000487,
      "\u001b]2;gojot Entry11\u0007"
    ],
    [
      4.1e-05,
      "\u001b]1;gojot\u0007"
    ],
    [
      0.217757,
      "Enter password: "
    ],
    [
      0.772907,
      "\r\nFetching..."
    ],
    [
      0.531405,
      "done (1.31786624s).\r\n"
    ],
    [
      0.170798,
      "Loaded entry 'Entry11' on document 'notes'\r\n"
    ],
    [
      0.007845,
      "\u001b[?1049h\u001b[?1h\u001b=\u001b[2;1H▽\u001b[6n\u001b[1;1H  \u001b[1;1H"
    ],
    [
      0.00119,
      "\u001b[1;16r\u001b[?12;25h\u001b[?12l\u001b[?25h\u001b[27m\u001b[m\u001b[H\u001b[2J\u001b[?25l\u001b[16;1H\"~/.cache/gojot/temp/temp\""
    ],
    [
      0.000112,
      " 3L, 72C"
    ],
    [
      0.000396,
      "\u001b[>c"
    ],
    [
      0.000275,
      "\r-- INSERT --\u001b[16;13H\u001b[K"
    ],
    [
      0.000481,
      "\u001b[1;1HTue Nov 15 06:46:11 2016 -==- Entry11\r\n\r\nThis entry is now called Entry11\r\n\u001b[1m\u001b[34m~                                                                                 \u001b[5;1H~                                                                                 \u001b[6;1H~                                                                                 \u001b[7;1H~                                                                                 \u001b[8;1H~                                                                                 \u001b[9;1H~                                                                                 \u001b[10;1H~                                                                                 \u001b[11;1H~                                                                                 \u001b[12;1H~                                                                                 \u001b[13;1H~                                                                                 \u001b[14;1H~                                                "
    ],
    [
      4.8e-05,
      "                                 \u001b[15;1H~                                                                                 \u001b[m\u001b[16;1H\u001b[1m-- INSERT --\u001b[3;32H\u001b[?12l\u001b[?25h"
    ],
    [
      0.701417,
      "\u001b[?25l\u001b[mi1\b\u001b[?12l\u001b[?25h"
    ],
    [
      0.460461,
      "\u001b[?25l\b1\u001b[3;33H\u001b[K\u001b[3;32H\u001b[?12l\u001b[?25h"
    ],
    [
      0.448617,
      "1"
    ],
    [
      0.294838,
      "\u001b[?25l\u001b[4;1H\u001b[K\u001b[4;1H\u001b[?12l\u001b[?25h"
    ],
    [
      0.503293,
      "\u001b[?25l\u001b[5;1H\u001b[K\u001b[5;1H\u001b[?12l\u001b[?25h"
    ],
    [
      0.245198,
      "\u001b[?25lI\u001b[?12l\u001b[?25h"
    ],
    [
      0.129183,
      "\u001b[?25l \u001b[?12l\u001b[?25h"
    ],
    [
      0.139378,
      "\u001b[?25lc\u001b[?12l\u001b[?25h"
    ],
    [
      0.054206,
      "\u001b[?25la\u001b[?12l\u001b[?25h"
    ],
    [
      0.069065,
      "\u001b[?25ln\u001b[?12l\u001b[?25h"
    ],
    [
      0.087382,
      "\u001b[?25l \u001b[?12l\u001b[?25h"
    ],
    [
      0.125814,
      "\u001b[?25lq\u001b[?12l\u001b[?25h"
    ],
    [
      0.055384,
      "\u001b[?25lu\u001b[?12l\u001b[?25h"
    ],
    [
      0.051937,
      "\u001b[?25li\u001b[?12l\u001b[?25h"
    ],
    [
      0.115738,
      "\u001b[?25lc\u001b[?12l\u001b[?25h"
    ],
    [
      0.078489,
      "\u001b[?25lk\u001b[?12l\u001b[?25h"
    ],
    [
      0.08476,
      "\u001b[?25ll\u001b[?12l\u001b[?25h"
    ],
    [
      0.095614,
      "\u001b[?25ly\u001b[?12l\u001b[?25h"
    ],
    [
      0.075655,
      "\u001b[?25l \u001b[?12l\u001b[?25h"
    ],
    [
      0.268081,
      "\u001b[?25la\u001b[?12l\u001b[?25h"
    ],
    [
      0.098863,
      "\u001b[?25lc\u001b[?12l\u001b[?25h"
    ],
    [
      0.118589,
      "\u001b[?25lc\u001b[?12l\u001b[?25h"
    ],
    [
      0.1171,
      "\u001b[?25le\u001b[?12l\u001b[?25h"
    ],
    [
      0.130952,
      "\u001b[?25ls\u001b[?12l\u001b[?25h"
    ],
    [
      0.154575,
      "\u001b[?25ls\u001b[?12l\u001b[?25h"
    ],
    [
      0.133178,
      "\u001b[?25l \u001b[?12l\u001b[?25h"
    ],
    [
      0.015324,
      "\u001b[?25li\u001b[?12l\u001b[?25h"
    ],
    [
      0.130354,
      "\u001b[?25lt\u001b[?12l\u001b[?25h"
    ],
    [
      0.078561,
      "\u001b[?25l \u001b[?12l\u001b[?25h"
    ],
    [
      0.123132,
      "\u001b[?25lf\u001b[?12l\u001b[?25h"
    ],
    [
      0.161501,
      "\u001b[?25lr\u001b[?12l\u001b[?25h"
    ],
    [
      0.103848,
      "\u001b[?25lo\u001b[?12l\u001b[?25h"
    ],
    [
      0.067543,
      "\u001b[?25lm\u001b[?12l\u001b[?25h"
    ],
    [
      0.075774,
      "\u001b[?25l \u001b[?12l\u001b[?25h"
    ],
    [
      0.064218,
      "\u001b[?25lt\u001b[?12l\u001b[?25h"
    ],
    [
      0.070982,
      "\u001b[?25lh\u001b[?12l\u001b[?25h"
    ],
    [
      0.052078,
      "\u001b[?25le\u001b[?12l\u001b[?25h"
    ],
    [
      0.122027,
      "\u001b[?25l \u001b[?12l\u001b[?25h"
    ],
    [
      0.099088,
      "\u001b[?25lc\u001b[?12l\u001b[?25h"
    ],
    [
      0.060617,
      "\u001b[?25lo\u001b[?12l\u001b[?25h"
    ],
    [
      0.071762,
      "\u001b[?25lm\u001b[?12l\u001b[?25h"
    ],
    [
      0.111731,
      "\u001b[?25lm\u001b[?12l\u001b[?25h"
    ],
    [
      0.062938,
      "\u001b[?25la\u001b[?12l\u001b[?25h"
    ],
    [
      0.084127,
      "\u001b[?25ln\u001b[?12l\u001b[?25h"
    ],
    [
      0.076715,
      "\u001b[?25ld\u001b[?12l\u001b[?25h"
    ],
    [
      0.064356,
      "\u001b[?25l \u001b[?12l\u001b[?25h"
    ],
    [
      0.033691,
      "\u001b[?25ll\u001b[?12l\u001b[?25h"
    ],
    [
      0.062372,
      "\u001b[?25li\u001b[?12l\u001b[?25h"
    ],
    [
      0.033998,
      "\u001b[?25ln\u001b[?12l\u001b[?25h"
    ],
    [
      0.053782,
      "\u001b[?25le\u001b[?12l\u001b[?25h"
    ],
    [
      0.263831,
      "\u001b[?25l!\u001b[?12l\u001b[?25h"
    ],
    [
      0.588058,
      "\u001b[16;1H\u001b[K\u001b[5;46H"
    ],
    [
      0.365004,
      "\u001b[?25l"
    ],
    [
      0.000248,
      "\u001b[?12l\u001b[?25h\u001b[?25l\u001b[16;1H:"
    ],
    [
      3.9e-05,
      "\u001b[?12l\u001b[?25h"
    ],
    [
      0.214136,
      "w"
    ],
    [
      4.6e-05,
      "\u001b[?25l\u001b[?12l\u001b[?25h"
    ],
    [
      0.061598,
      "q"
    ],
    [
      4.5e-05,
      "\u001b[?25l\u001b[?12l\u001b[?25h"
    ],
    [
      0.259306,
      "!"
    ],
    [
      4.7e-05,
      "\u001b[?25l\u001b[?12l\u001b[?25h"
    ],
    [
      1.029545,
      "\r"
    ],
    [
      5.5e-05,
      "\u001b[?25l"
    ],
    [
      0.000116,
      "\".cache/gojot/temp/temp\""
    ],
    [
      0.004028,
      " 5L, 120C written"
    ],
    [
      0.000872,
      "\r\r\r\n\u001b[?1l\u001b>\u001b[?12l\u001b[?25h\u001b[?1049l"
    ],
    [
      0.082629,
      "Updated entry for Entry11\r\nPushing changes"
    ],
    [
