{
  "env": {
    "TERM": "xterm",
    "SHELL": "/usr/bin/zsh"
  },
  "command": null,
  "version": 1,
  "height": 15,
  "duration": 12.388149,
  "stdout": [
    [
      0.126395,
      "\u001b[1m\u001b[7m%\u001b[27m\u001b[1m\u001b[0m                                                                               \r \r\u001b]2;demo@server8: ~\u0007\u001b]1;~\u0007"
    ],
    [
      0.02453,
      "\r\u001b[0m\u001b[27m\u001b[24m\u001b[J\u001b[39m\u001b[0m\u001b[49m\u001b[40m\u001b[39m demo@server8 \u001b[44m\u001b[30m\u001b[30m ~ \u001b[49m\u001b[34m\u001b[39m \u001b[K"
    ],
    [
      4.8e-05,
      "\u001b[?1h\u001b="
    ],
    [
      0.339507,
      "s"
    ],
    [
      0.068794,
      "\bsd"
    ],
    [
      0.200712,
      "e"
    ],
    [
      0.145584,
      "e"
    ],
    [
      0.061823,
      "s"
    ],
    [
      0.080894,
      " "
    ],
    [
      0.078909,
      "-"
    ],
    [
      0.139151,
      "-"
    ],
    [
      0.158511,
      "c"
    ],
    [
      0.070835,
      "o"
    ],
    [
      0.068599,
      "n"
    ],
    [
      0.112437,
      "f"
    ],
    [
      0.082014,
      "i"
    ],
    [
      0.108767,
      "g"
    ],
    [
      0.123883,
      "\u001b[?1l\u001b>"
    ],
    [
      4.5e-05,
      "\r\r\n"
    ],
    [
      0.000582,
      "\u001b]2;gojot --config\u0007\u001b]1;gojot\u0007"
    ],
    [
      0.262819,
      "Enter remote (e.g.: git@github.com:USER/REPO.git): "
    ],
    [
      0.702893,
      "g"
    ],
    [
      0.110044,
      "i"
    ],
    [
      0.089843,
      "t"
    ],
    [
      0.239104,
      "@"
    ],
    [
      0.198515,
      "g"
    ],
    [
      0.06728,
      "i"
    ],
    [
      0.123072,
      "t"
    ],
    [
      0.070448,
      "h"
    ],
    [
      0.138224,
      "u"
    ],
    [
      0.099931,
      "b"
    ],
    [
      0.090268,
      "."
    ],
    [
      0.116816,
      "c"
    ],
    [
      0.066758,
      "o"
    ],
    [
      0.067184,
      "m"
    ],
    [
      0.297364,
      "s"
    ],
    [
      0.061759,
      "c"
    ],
    [
      0.256262,
      "\b \b"
    ],
    [
      0.107985,
      "\b \b"
    ],
    [
      0.206556,
      ":"
    ],
    [
      0.164026,
      "s"
    ],
    [
      0.05508,
      "c"
    ],
    [
      0.079538,
      "h"
    ],
    [
      0.037083,
      "o"
    ],
    [
      0.13775,
      "l"
    ],
    [
      0.108491,
      "l"
    ],
    [
      0.090688,
      "z"
    ],
    [
      0.113827,
      "/"
    ],
    [
      0.124946,
      "d"
    ],
    [
      0.157589,
      "e"
    ],
    [
      0.042528,
      "m"
    ],
    [
      0.063354,
      "o"
    ],
    [
      0.212439,
      "."
    ],
    [
      0.112181,
      "g"
    ],
    [
      0.096094,
      "i"
    ],
    [
      0.057518,
      "t"
    ],
    [
      0.153309,
      "\r\n"
    ],
    [
      0.000219,
      "Already exists, doing nothing.\r\nWhich editor do you want to use: micro (default), vim,  nano, or emacs? "
    ],
    [
      2.004544,
      "v"
    ],
    [
      0.240256,
      "i"
    ],
    [
      0.068345,
      "m"
    ],
    [
      1.44999,
      "\r\n"
    ],
    [
      0.009962,
      "\u001b[1m\u001b[7m%\u001b[27m\u001b[1m\u001b[0m                                                                               \r \r"
    ],
    [
      0.000141,
      "\u001b]2;demo@server8: ~\u0007"
    ],
    [
      4e-05,
      "\u001b]1;~\u0007"
    ],
    [
      0.012408,
      "\r\u001b[0m\u001b[27m\u001b[24m\u001b[J\u001b[39m\u001b[0m\u001b[49m\u001b[40m\u001b[39m demo@server8 \u001b[44m\u001b[30m\u001b[30m ~ \u001b[49m\u001b[34m\u001b[39m \u001b[K"
    ],
    [
      4.9e-05,
      "\u001b[?1h\u001b="
    ],
    [
      1.427611,
      "\r\r\n"
    ]
  ],
  "title": null,
  "width": 80
}