{
  "title": null,
  "duration": 27.745621,
  "stdout": [
    [
      0.129471,
      "\u001b[1m\u001b[7m%\u001b[27m\u001b[1m\u001b[0m                                                                                 \r \r\u001b]2;demo@server8: ~\u0007\u001b]1;~\u0007"
    ],
    [
      0.023335,
      "\r\u001b[0m\u001b[27m\u001b[24m\u001b[J\u001b[01;32m➜  \u001b[36m~\u001b[00m \u001b[K"
    ],
    [
      7.6e-05,
      "\u001b[?1h\u001b="
    ],
    [
      0.468752,
      "j"
    ],
    [
      0.048942,
      "\bgojo"
    ],
    [
      0.127632,
      "t"
    ],
    [
      0.766975,
      "\u001b[?1l\u001b>"
    ],
    [
      4.3e-05,
      "\r\r\n"
    ],
    [
      0.000587,
      "\u001b]2;gojot\u0007"
    ],
    [
      5.9e-05,
      "\u001b]1;gojot\u0007"
    ],
    [
      0.012985,
      "Enter git repo (e.g.: git@github.com:USER/REPO.git): "
    ],
    [
      0.78745,
      "g"
    ],
    [
      0.113824,
      "i"
    ],
    [
      0.107907,
      "t"
    ],
    [
      0.391666,
      "@"
    ],
    [
      0.762779,
      "c"
    ],
    [
      0.103333,
      "o"
    ],
    [
      0.104676,
      "w"
    ],
    [
      0.103408,
      "y"
    ],
    [
      0.063929,
      "o"
    ],
    [
      0.200363,
      "."
    ],
    [
      0.126295,
      "c"
    ],
    [
      0.080672,
      "o"
    ],
    [
      0.074864,
      "m"
    ],
    [
      0.234031,
      ":"
    ],
    [
      0.258381,
      "d"
    ],
    [
      0.140524,
      "e"
    ],
    [
      0.07318,
      "m"
    ],
    [
      0.050117,
      "o"
    ],
    [
      0.196933,
      "."
    ],
    [
      0.106781,
      "g"
    ],
    [
      0.097782,
      "i"
    ],
    [
      0.079093,
      "t"
    ],
    [
      0.533533,
      "\r\n"
    ],
    [
      0.000258,
      "Already exists, doing nothing.\r\n"
    ],
    [
      4.1e-05,
      "Which editor do you want to use: micro (default), vim,  nano, or emacs? "
    ],
    [
      1.134788,
      "v"
    ],
    [
      0.138001,
      "i"
    ],
    [
      0.055084,
      "m"
    ],
    [
      1.41964,
      "\r\n"
    ],
    [
      0.288629,
      "Enter password: "
    ],
    [
      1.110507,
      "\r\nFetching..."
    ],
    [
      0.333087,
      "\r 0 / 1 [-----------------------------------------------------------------]   0.00%"
    ],
    [
      8e-05,
      "\r 0 / 1 [--------------------------------------------------------------]   0.00% 0s\r\n"
    ],
    [
      0.061925,
      "done (1.521660522s).\r\n"
    ],
    [
      0.4815,
      "\r\n+---+----------+-----------+\r\n| # | DOCUMENT | # ENTRIES |\r\n+---+----------+"
    ],
    [
      2.4e-05,
      "-----------+\r\n| 1 | dreams   |"
    ],
    [
      1.6e-05,
      "        18 "
    ],
    [
      2.2e-05,
      "|"
    ],
    [
      1.3e-05,
      "\r\n| 2"
    ],
    [
      1.3e-05,
      " | "
    ],
    [
      1.4e-05,
      "ideas    |"
    ],
    [
      1.2e-05,
      "         4 "
    ],
    [
      1.3e-05,
      "|\r\n|"
    ],
    [
      1.3e-05,
      " 3 "
    ],
    [
      1.6e-05,
      "| gojournal "
    ],
    [
      1.3e-05,
      " | "
    ],
    [
      1.5e-05,
      "1,071     |"
    ],
    [
      1.2e-05,
      "\r\n| "
    ],
    [
      1.4e-05,
      "4 |"
    ],
    [
      1.3e-05,
      " lists    "
    ],
    [
      1.2e-05,
      "|         7"
    ],
    [
      1.2e-05,
      " |\r\n"
    ],
    [
      1.3e-05,
      "| 5"
    ],
    [
      1.3e-05,
      " | "
    ],
    [
      1.3e-05,
      "notes    |"
    ],
    [
      1.3e-05,
      " N/A      "
    ],
    [
      0.000263,
      " |\r\n| 6 | recipes  |         5 |\r\n| 7 | stories  |         2 |\r\n+---+----------+-----------+\r\n\r\n\r\nWhich document (press enter for 'notes', or type name): "
    ],
    [
      5.135964,
      "n"
    ],
    [
      0.057537,
      "o"
    ],
    [
      0.076458,
      "t"
    ],
    [
      0.097797,
      "e"
    ],
    [
      0.038784,
      "s"
    ],
    [
      0.275618,
      "\r\n"
    ],
    [
      0.001396,
      "\r\nLoad all entries (press enter for 'n')? (y/n) "
    ],
    [
      1.474275,
      "\r\n"
    ],
    [
      0.023352,
      "\u001b[?1049h\u001b[?1h\u001b=\u001b[2;1H▽\u001b[6n\u001b[1;1H  \u001b[1;1H"
    ],
    [
      0.000651,
      "\u001b[1;16r\u001b[?12;25h\u001b[?12l\u001b[?25h\u001b[27m\u001b[m\u001b[H\u001b[2J\u001b[?25l\u001b[16;1H\"~/.cache/gojot/temp/temp\""
    ],
    [
      7.8e-05,
      " 3L, 54C"
    ],
    [
      0.000205,
      "\u001b[>c"
    ],
    [
      0.000138,
      "\r-- INSERT --\u001b[16;13H\u001b[K"
    ],
    [
      0.000237,
      "\u001b[1;1HTue Nov 15 06:42:44 2016 -==- IckyEvasiveSemicircle\r\n\r\n\r\n\u001b[1m\u001b[34m~                                                                                 \u001b[5;1H~                                                                                 \u001b[6;1H~                                                                                 \u001b[7;1H~                                                                                 \u001b[8;1H~                                                                                 \u001b[9;1H~                                                                                 \u001b[10;1H~                                                                                 \u001b[11;1H~                                                                                 \u001b[12;1H~                                                                                 \u001b[13;1H~                                                                                 \u001b[14;1H~                                                                  "
    ],
    [
      2.4e-05,
      "               \u001b[15;1H~                                                                                 \u001b[m\u001b[16;1H\u001b[1m-- INSERT --\u001b[3;1H\u001b[?12l\u001b[?25h"
    ],
    [
      1.345607,
      "\u001b[?25l\u001b[mI\u001b[?12l\u001b[?25h"
    ],
    [
      0.946701,
      "\u001b[?25l\u001b[3;1H\u001b[K\u001b[3;1H\u001b[?12l\u001b[?25h"
    ],
    [
      0.197705,
      "\u001b[?25lM\u001b[?12l\u001b[?25h"
    ],
    [
      0.15193,
      "\u001b[?25ly\u001b[?12l\u001b[?25h"
    ],
    [
      0.083095,
      "\u001b[?25l \u001b[?12l\u001b[?25h"
    ],
    [
      1.002816,
      "\u001b[?25lf\u001b[?12l\u001b[?25h"
    ],
    [
      0.212287,
      "\u001b[?25li\u001b[?12l\u001b[?25h"
    ],
    [
      0.123967,
      "\u001b[?25lr\u001b[?12l\u001b[?25h"
    ],
    [
      0.103581,
      "\u001b[?25ls\u001b[?12l\u001b[?25h"
    ],
    [
      0.07615,
      "\u001b[?25lt\u001b[?12l\u001b[?25h"
    ],
    [
      0.064598,
      "\u001b[?25l \u001b[?12l\u001b[?25h"
    ],
    [
      0.116261,
      "\u001b[?25ln\u001b[?12l\u001b[?25h"
    ],
    [
      0.039206,
      "\u001b[?25lo\u001b[?12l\u001b[?25h"
    ],
    [
      0.045111,
      "\u001b[?25lt\u001b[?12l\u001b[?25h"
    ],
    [
      0.087113,
      "\u001b[?25le\u001b[?12l\u001b[?25h"
    ],
    [
      0.385118,
      "\u001b[?25l!\u001b[?12l\u001b[?25h"
    ],
    [
      0.369891,
      "\u001b[16;1H\u001b[K\u001b[3;14H"
    ],
    [
      0.374691,
      "\u001b[?25l"
    ],
    [
      0.00029,
      "\u001b[?12l\u001b[?25h\u001b[?25l\u001b[16;1H:"
    ],
    [
      4.3e-05,
      "\u001b[?12l\u001b[?25h"
    ],
    [
      0.136482,
      "w"
    ],
    [
      4.6e-05,
      "\u001b[?25l\u001b[?12l\u001b[?25h"
    ],
    [
      0.05463,
      "q"
    ],
    [
      4.5e-05,
      "\u001b[?25l\u001b[?12l\u001b[?25h"
    ],
    [
      0.278284,
      "!"
    ],
    [
      4.5e-05,
      "\u001b[?25l\u001b[?12l\u001b[?25h"
    ],
    [
      0.535949,
      "\r"
    ],
    [
      6.2e-05,
      "\u001b[?25l"
    ],
    [
      0.000112,
      "\"temp/temp\""
    ],
    [
      0.005521,
      " 3L, 68C written"
    ],
    [
      0.000787,
      "\r\r\r\n\u001b[?1l\u001b>"
