{
  "env": {
    "SHELL": "/usr/bin/zsh",
    "TERM": "xterm"
  },
  "title": null,
  "version": 1,
  "width": 82,
  "command": null,
  "height": 16,
  "stdout": [
    [
      0.122074,
      "\u001b[1m\u001b[7m%\u001b[27m\u001b[1m\u001b[0m                                                                                 \r \r\u001b]2;demo@server8: ~\u0007\u001b]1;~\u0007"
    ],
    [
      0.021756,
      "\r\u001b[0m\u001b[27m\u001b[24m\u001b[J\u001b[01;32m➜  \u001b[36m~\u001b[00m \u001b[K\u001b[?1h\u001b="
    ],
    [
      0.621784,
      "j"
    ],
    [
      0.067931,
      "\bgojo"
    ],
    [
      0.133209,
      "t"
    ],
    [
      0.164688,
      " "
    ],
    [
      0.064794,
      "-"
    ],
    [
      0.131023,
      "-"
    ],
    [
      0.141155,
      "a"
    ],
    [
      0.059785,
      "l"
    ],
    [
      0.121492,
      "l"
    ],
    [
      0.114611,
      " "
    ],
    [
      0.184762,
      "n"
    ],
    [
      0.04197,
      "o"
    ],
    [
      0.074454,
      "t"
    ],
    [
      0.087738,
      "e"
    ],
    [
      0.05094,
      "s"
    ],
    [
      1.061964,
      "\u001b[?1l\u001b>"
    ],
    [
      5e-05,
      "\r\r\n"
    ],
    [
      0.000666,
      "\u001b]2;gojot --all notes\u0007\u001b]1;gojot\u0007"
    ],
    [
      0.273581,
      "Enter password: "
    ],
    [
      0.786901,
      "\r\nFetching..."
    ],
    [
      0.509403,
      "\r 0 / 1 [-----------------------------------------------------------------]   0.00%"
    ],
    [
      5.5e-05,
      "\r 0 / 1 [--------------------------------------------------------------]   0.00% 0s\r\n"
    ],
    [
      0.073827,
      "done (1.391382761s).\r\n"
    ],
    [
      0.064677,
      "Getting info...\r\n"
    ],
    [
      0.107334,
      "\u001b[?1049h\u001b[?1h\u001b=\u001b[2;1H▽\u001b[6n\u001b[1;1H  \u001b[1;1H"
    ],
    [
      0.000807,
      "\u001b[1;16r\u001b[?12;25h\u001b[?12l\u001b[?25h\u001b[27m\u001b[m\u001b[H\u001b[2J\u001b[?25l\u001b[16;1H\"~/.cache/gojot/temp/temp\""
    ],
    [
      4.8e-05,
      " 7L, 172C"
    ],
    [
      0.000218,
      "\u001b[>c"
    ],
    [
      0.000165,
      "\r-- INSERT --\u001b[16;13H\u001b[K"
    ],
    [
      0.000298,
      "\u001b[1;1HTue Nov 15 06:48:16 2016 -==- Ill-InformedMassiveRiser\r\n\r\nThis is a previous entry, you can see since you used --all.\r\n\r\nTue Nov 15 06:48:38 2016 -==- CreativeVenomousString\r\n\r\n\r\n\u001b[1m\u001b[34m~                                                                                 \u001b[9;1H~                                                                                 \u001b[10;1H~                                                                                 \u001b[11;1H~                                                                                 \u001b[12;1H~                                                                                 \u001b[13;1H~                                                                                 \u001b[14;1H~                                                                                 \u001b[15;1H~                                                                                 "
    ],
    [
      4.2e-05,
      "\u001b[m\u001b[16;1H\u001b[1m-- INSERT --\u001b[7;1H\u001b[?12l\u001b[?25h"
    ],
    [
      1.826599,
      "\u001b[?25l\u001b[mi\u001b[?12l\u001b[?25h"
    ],
    [
      0.384901,
      "\u001b[?25l\u001b[7;1H\u001b[K\u001b[7;1H\u001b[?12l\u001b[?25h"
    ],
    [
      0.265709,
      "\u001b[?25lI\u001b[?12l\u001b[?25h"
    ],
    [
      0.150234,
      "\u001b[?25l \u001b[?12l\u001b[?25h"
    ],
    [
      0.136753,
      "\u001b[?25lc\u001b[?12l\u001b[?25h"
    ],
    [
      0.047585,
      "\u001b[?25la\u001b[?12l\u001b[?25h"
    ],
    [
      0.063289,
      "\u001b[?25ln\u001b[?12l\u001b[?25h"
    ],
    [
      0.093826,
      "\u001b[?25l \u001b[?12l\u001b[?25h"
    ],
    [
      0.130422,
      "\u001b[?25le\u001b[?12l\u001b[?25h"
    ],
    [
      0.186002,
      "\u001b[?25ld\u001b[?12l\u001b[?25h"
    ],
    [
      0.03111,
      "\u001b[?25li\u001b[?12l\u001b[?25h"
    ],
    [
      0.150061,
      "\u001b[?25lt\u001b[?12l\u001b[?25h"
    ],
    [
      0.08695,
      "\u001b[?25l \u001b[?12l\u001b[?25h"
    ],
    [
      0.164197,
      "\u001b[?25lo\u001b[?12l\u001b[?25h"
    ],
    [
      0.166908,
      "\u001b[?25ll\u001b[?12l\u001b[?25h"
    ],
    [
      0.079688,
      "\u001b[?25ld\u001b[?12l\u001b[?25h"
    ],
    [
      0.131391,
      "\u001b[?25l \u001b[?12l\u001b[?25h"
    ],
    [
      0.21627,
      "\u001b[?25le\u001b[?12l\u001b[?25h"
    ],
    [
      0.104867,
      "\u001b[?25ln\u001b[?12l\u001b[?25h"
    ],
    [
      0.059234,
      "\u001b[?25lt\u001b[?12l\u001b[?25h"
    ],
    [
      0.150347,
      "\u001b[?25lr\u001b[?12l\u001b[?25h"
    ],
    [
      0.07891,
      "\u001b[?25li\u001b[?12l\u001b[?25h"
    ],
    [
      0.091302,
      "\u001b[?25le\u001b[?12l\u001b[?25h"
    ],
    [
      0.101393,
      "\u001b[?25ls\u001b[?12l\u001b[?25h"
    ],
    [
      0.84949,
      "\u001b[?25l.\u001b[?12l\u001b[?25h"
    ],
    [
      0.313045,
      "\u001b[6;1H"
    ],
    [
      0.136007,
      "\u001b[5;24H"
    ],
    [
      0.147431,
      "\u001b[4;1H"
    ],
    [
      0.349053,
      "\u001b[?25l\u001b[5;15r\u001b[5;1H\u001b[L\u001b[1;16r"
    ],
    [
      6.6e-05,
      "\u001b[5;1H\u001b[?12l\u001b[?25h"
    ],
    [
      0.473412,
      "\u001b[?25lE\u001b[?12l\u001b[?25h"
    ],
    [
      0.225742,
      "\u001b[?25lD\u001b[?12l\u001b[?25h"
    ],
    [
      0.449674,
      "\u001b[?25li\u001b[?12l\u001b[?25h"
    ],
    [
      0.3238,
      "\u001b[?25l\u001b[5;3H\u001b[K\u001b[5;3H\u001b[?12l\u001b[?25h"
    ],
    [
      0.209442,
      "\u001b[?25lI\u001b[?12l\u001b[?25h"
    ],
    [
      0.06707,
      "\u001b[?25lT\u001b[?12l\u001b[?25h"
    ],
    [
      0.232734,
      "\u001b[?25l!\u001b[?12l\u001b[?25h"
    ],
    [
      0.245204,
      "\u001b[?25l\u001b[6;15r\u001b[6;1H\u001b[L\u001b[1;16r"
    ],
    [
      4.5e-05,
      "\u001b[6;1H\u001b[?12l\u001b[?25h"
    ],
    [
      0.267352,
      "\u001b[16;1H\u001b[K\u001b[6;1H"
    ],
    [
      0.332823,
      "\u001b[?25l"
    ],
    [
      4.5e-05,
      "\u001b[?12l\u001b[?25h\u001b[?25l\u001b[16;1H:"
    ],
    [
      3.9e-05,
      "\u001b[?12l\u001b[?25h"
    ],
    [
      0.167848,
      "w"
    ],
    [
      5.5e-05,
      "\u001b[?25l\u001b[?12l\u001b[?25h"
    ],
    [
      0.067831,
      "q"
    ],
    [
      4.6e-05,
      "\u001b[?25l\u001b[?12l\u001b[?25h"
    ],
    [
      0.236399,
      "!"
    ],
    [
      4.6e-05,
      "\u001b[?25l\u001b[?12l\u001b[?25h"
    ],
    [
      0.591741,
      "\r"
    ],
    [
      6.3e-05,
      "\u001b[?25l"
    ],
    [
      0.000128,
      "\".cache/gojot/temp/temp\""
    ],
    [
      0.005757,
      " 9L, 202C written"
    ],
    [
      0.000835,
      "\r\r\r\n\u001b[?1l\u001b>\u001b[?12l\u001b[?25h\u001b[?1049l"
    ],
    [
      0.079988,
      "Updated entry for Ill-InformedMassiveRiser\r\n"
    ],
    [
      0.075202,
      "Created entry CreativeVenomousString (+5 words)\r\n"
    ],
    [
      2.2e-05,
      "Pushing changes"
    ],
    [
      1.109516,
      "...done (1.109522862s)"
    ],
    [
      2.3e-05,
      "\r\n"
    ],
    [
      0.00368,
      "\u001b[1m\u001b[7m%\u001b[27m\u001b[1m\u001b[0m                                                                                 \r \r"
    ],
    [
      0.000116,
      "\u001b]2;demo@server8: ~\u0007"
    ],
    [
      4e-05,
      "\u001b]1;~\u0007"
    ],
    [
      0.0072,
      "\r\u001b[0m\u001b[27m\u001b[24m\u001b[J\u001b[01;32m➜  \u001b[36m~\u001b[00m \u001b[K\u001b[?1h\u001b="
    ],
    [
      0.592637,
      "\r\r\n"
    ]
  ],
  "duration": 17.546956
}