{
  "duration": 43.643171,
  "version": 1,
  "env": {
    "TERM": "xterm",
    "SHELL": "/usr/bin/zsh"
  },
  "width": 80,
  "title": null,
  "height": 15,
  "command": null,
  "stdout": [
    [
      0.126164,
      "\u001b[1m\u001b[7m%\u001b[27m\u001b[1m\u001b[0m                                                                               \r \r\u001b]2;demo@server8: ~\u0007\u001b]1;~\u0007"
    ],
    [
      0.023549,
      "\r\u001b[0m\u001b[27m\u001b[24m\u001b[J\u001b[39m\u001b[0m\u001b[49m\u001b[40m\u001b[39m demo@server8 \u001b[44m\u001b[30m\u001b[30m ~ \u001b[49m\u001b[34m\u001b[39m \u001b[K"
    ],
    [
      7.7e-05,
      "\u001b[?1h\u001b="
    ],
    [
      0.669901,
      "s"
    ],
    [
      0.062436,
      "\bsd"
    ],
    [
      0.266972,
      "e"
    ],
    [
      0.170329,
      "e"
    ],
    [
      0.078172,
      "s"
    ],
    [
      0.490009,
      "\u001b[?1l\u001b>"
    ],
    [
      5.3e-05,
      "\r\r\n"
    ],
    [
      0.000587,
      "\u001b]2;jot\u0007"
    ],
    [
      4.1e-05,
      "\u001b]1;jot\u0007"
    ],
    [
      0.344683,
      "Enter password: "
    ],
    [
      1.560834,
      "\r\nFetching..."
    ],
    [
      0.052718,
      "done (1.657979765s).\r\n"
    ],
    [
      0.495594,
      "\r\n+---+-------------+-----------+\r\n| # |  DOCUMENT   | # ENTRIES |\r\n+---+-------------+-----------+\r\n| "
    ],
    [
      3.2e-05,
      "1 | dreams.txt  |        16 |\r\n"
    ],
    [
      2.2e-05,
      "| 2 | "
    ],
    [
      1.9e-05,
      "ideas.txt   | "
    ],
    [
      1.9e-05,
      "        3 |\r\n"
    ],
    [
      2.1e-05,
      "| 3 |"
    ],
    [
      1.9e-05,
      " journal.txt |"
    ],
    [
      1.9e-05,
      " 1,070     "
    ],
    [
      1.9e-05,
      "|\r\n| 4"
    ],
    [
      1.9e-05,
      " | lists.txt  "
    ],
    [
      2.7e-05,
      " |         6 |"
    ],
    [
      1.9e-05,
      "\r\n| 5 "
    ],
    [
      2e-05,
      "| recipes.txt "
    ],
    [
      2e-05,
      "|         4 |"
    ],
    [
      1.9e-05,
      "\r\n| 6"
    ],
    [
      1.8e-05,
      " | stories.txt"
    ],
    [
      2e-05,
      " |         1"
    ],
    [
      1.8e-05,
      " |\r\n+---+"
    ],
    [
      1.8e-05,
      "-------------+-----------+\r\n"
    ],
    [
      4.1e-05,
      "\r\n\r\nWhich document (press enter for 'ideas.txt', or type name): "
    ],
    [
      2.265005,
      "2"
    ],
    [
      1.140965,
      "\r\n"
    ],
    [
      0.00515,
      "\r\nLoad all entries (press enter for 'n')? (y/n) "
    ],
    [
      1.20442,
      "y"
    ],
    [
      0.860156,
      "\r\n"
    ],
    [
      0.153511,
      "\u001b[?1049h\u001b[?1h\u001b=\u001b[2;1H▽\u001b[6n\u001b[1;1H  \u001b[1;1H"
    ],
    [
      0.001176,
      "\u001b[1;15r\u001b[?12;25h\u001b[?12l\u001b[?25h\u001b[27m\u001b[m\u001b[H\u001b[2J\u001b[?25l\u001b[15;1H\"~/.cache/jot/temp/temp\""
    ],
    [
      0.000178,
      " 47L, 1535C"
    ],
    [
      0.00048,
      "\u001b[>c"
    ],
    [
      0.000293,
      "\r-- INSERT --\u001b[15;13H\u001b[K"
    ],
    [
      0.000465,
      "\u001b[2;1HMon Nov 7 16:38:03 2016 -0500  -==- DistributedEncryptedEditing\r\n\r\n* jot is for distributed editing of encrypted stuff.\r\n\r\n* jot does encryption, editing, and synchronization.\r\n\r\n* jot is open-source and available at https://github.com/schollz/jot\r\n\r\n* Documentation and examples are at https://jot.schollz.com\r\n\r\nMon Nov 07 17:13:21 2016 -0500 -==- HellishJoblessShootdown"
    ],
    [
      4.4e-05,
      "\r\n\r\n\r\n\u001b[1m-- INSERT --\u001b[14;1H\u001b[?12l\u001b[?25h"
    ],
    [
      0.042289,
      "\u001bP+q436f\u001b\\\u001bP+q6b75\u001b\\\u001bP+q6b64\u001b\\\u001bP+q6b72\u001b\\\u001bP+q6b6c\u001b\\\u001bP+q2332\u001b\\\u001bP+q2334\u001b\\\u001bP+q2569\u001b\\\u001bP+q2a37\u001b\\\u001bP+q6b31\u001b\\"
    ],
    [
      1.40215,
      "\u001b[13;1H"
    ],
    [
      0.170851,
      "\u001b[12;1H"
    ],
    [
      0.250414,
      "\u001b[11;1H"
    ],
    [
      0.606748,
      "\u001b[?25l\u001b[mi\u001b[?12l\u001b[?25h"
    ],
    [
      0.312829,
      "\u001b[?25l\u001b[12;14r\u001b[12;1H\u001b[L\u001b[1;15r"
    ],
    [
      4.7e-05,
      "\u001b[12;1H\u001b[?12l\u001b[?25h"
    ],
    [
      0.351872,
      "\u001b[?25l\u001b[11;14r\u001b[14;1H\r\n\u001b[1;15r\u001b[11;1Hi"
    ],
    [
      4.6e-05,
      "\u001b[?12l\u001b[?25h"
    ],
    [
      0.120313,
      "\u001b[?25l\u001b[11;1H\u001b[K\u001b[11;1H\u001b[?12l\u001b[?25h"
    ],
    [
      0.194647,
      "\u001b[?25l\u001b[12;14r\u001b[12;1H\u001b[L\u001b[1;15r"
    ],
    [
      4.7e-05,
      "\u001b[12;1H\u001b[?12l\u001b[?25h"
    ],
    [
      0.699337,
      "\u001b[?25l*\u001b[?12l\u001b[?25h"
    ],
    [
      0.60184,
      "\u001b[?25l \u001b[?12l\u001b[?25h"
    ],
    [
      1.41413,
      "\u001b[?25lY\u001b[?12l\u001b[?25h"
    ],
    [
      0.183457,
      "\u001b[?25lo\u001b[?12l\u001b[?25h"
    ],
    [
      0.048104,
      "\u001b[?25lu\u001b[?12l\u001b[?25h"
    ],
    [
      0.083225,
      "\u001b[?25l \u001b[?12l\u001b[?25h"
    ],
    [
      0.162194,
      "\u001b[?25lc\u001b[?12l\u001b[?25h"
    ],
    [
      0.068582,
      "\u001b[?25la\u001b[?12l\u001b[?25h"
    ],
    [
      0.043266,
      "\u001b[?25ln\u001b[?12l\u001b[?25h"
    ],
    [
      0.112765,
      "\u001b[?25l \u001b[?12l\u001b[?25h"
    ],
    [
      0.138005,
      "\u001b[?25le\u001b[?12l\u001b[?25h"
    ],
    [
      0.208101,
      "\u001b[?25ld\u001b[?12l\u001b[?25h"
    ],
    [
      0.039755,
      "\u001b[?25li\u001b[?12l\u001b[?25h"
    ],
    [
      0.175757,
      "\u001b[?25lt\u001b[?12l\u001b[?25h"
    ],
    [
      0.099698,
      "\u001b[?25l \u001b[?12l\u001b[?25h"
    ],
    [
      0.813351,
      "\u001b[?25lo\u001b[?12l\u001b[?25h"
    ],
    [
      0.150975,
      "\u001b[?25ll\u001b[?12l\u001b[?25h"
    ],
    [
      0.116207,
      "\u001b[?25ld\u001b[?12l\u001b[?25h"
    ],
    [
      0.07761,
      "\u001b[?25l \u001b[?12l\u001b[?25h"
    ],
    [
      0.100061,
      "\u001b[?25le\u001b[?12l\u001b[?25h"
    ],
    [
      0.101579,
      "\u001b[?25ln\u001b[?12l\u001b[?25h"
    ],
    [
      0.075302,
      "\u001b[?25lt\u001b[?12l\u001b[?25h"
    ],
    [
      0.160289,
      "\u001b[?25lr\u001b[?12l\u001b[?25h"
    ],
    [
      0.062507,
      "\u001b[?25li\u001b[?12l\u001b[?25h"
    ],
    [
      0.12013,
      "\u001b[?25le\u001b[?12l\u001b[?25h"
    ],
    [
      0.057472,
      "\u001b[?25ls\u001b[?12l\u001b[?25h"
    ],
    [
      0.059063,
      "\u001b[?25l.\u001b[?12l\u001b[?25h"
    ],
    [
      0.697355,
      "\u001b[?25l\u001b[13;1H\u001b[K\u001b[14;1HMon Nov 07 17:13:21 2016 -0500 -==- HellishJoblessShootdown\u001b[13;1H\u001b[?12l\u001b[?25h"
    ],
    [
      0.30325,
      "\r\n"
    ],
    [
      0.17087,
      "\u001b[?25l\u001b[1;14r\u001b[14;1H\r\n\u001b[1;15r"
    ],
    [
      5.7e-05,
      "\u001b[14;1H\u001b[?12l\u001b[?25h"
    ],
    [
      0.568885,
      "\u001b[?25l\u001b[1;14r\u001b[14;1H\r\n\u001b[1;15r"
    ],
    [
      4.5e-05,
      "\u001b[14;1H\u001b[?12l\u001b[?25h"
    ],
    [
      0.330493,
      "\u001b[?25lO\u001b[?12l\u001b[?25h"
    ],
    [
      0.163062,
      "\u001b[?25lr\u001b[?12l\u001b[?25h"
    ],
    [
      0.063236,
      "\u001b[?25l \u001b[?12l\u001b[?25h"
    ],
    [
      0.1596,
      "\u001b[?25lm\u001b[?12l\u001b[?25h"
    ],
    [
      0.10616,
      "\u001b[?25la\u001b[?12l\u001b[?25h"
    ],
    [
      0.121984,
      "\u001b[?25lk\u001b[?12l\u001b[?25h"
    ],
    [
      0.125556,
      "\u001b[?25le\u001b[?12l\u001b[?25h"
    ],
    [
      0.082243,
      "\u001b[?25l \u001b[?12l\u001b[?25h"
    ],
    [
      0.081115,
      "\u001b[?25ln\u001b[?12l\u001b[?25h"
    ],
    [
      0.069304,
      "\u001b[?25le\u001b[?12l\u001b[?25h"
    ],
    [
      0.051533,
      "\u001b[?25lw\u001b[?12l\u001b[?25h"
    ],
    [
