{
  "width": 82,
  "stdout": [
    [
      0.129301,
      "\u001b[1m\u001b[7m%\u001b[27m\u001b[1m\u001b[0m                                                                                 \r \r\u001b]2;demo@server8: ~\u0007\u001b]1;~\u0007"
    ],
    [
      0.02436,
      "\r\u001b[0m\u001b[27m\u001b[24m\u001b[J\u001b[01;32m➜  \u001b[36m~\u001b[00m \u001b[K"
    ],
    [
      7.8e-05,
      "\u001b[?1h\u001b="
    ],
    [
      0.581631,
      "c"
    ],
    [
      0.035926,
      "\bcd"
    ],
    [
      0.128472,
      " "
    ],
    [
      0.188718,
      "~"
    ],
    [
      0.243647,
      "/"
    ],
    [
      0.022751,
      "."
    ],
    [
      0.179706,
      "c"
    ],
    [
      0.111207,
      "a"
    ],
    [
      0.049335,
      "c"
    ],
    [
      0.078197,
      "h"
    ],
    [
      0.119471,
      "e\u001b[1m/\u001b[0m"
    ],
    [
      1.038746,
      "\b\u001b[0m/j"
    ],
    [
      0.070807,
      "o"
    ],
    [
      0.090044,
      "t"
    ],
    [
      0.576298,
      "/"
    ],
    [
      0.45822,
      "V"
    ],
    [
      0.246574,
      "4tr5bxiXpxuc6b2W3rhcqDNFXPJyH\u001b[1m/\u001b[0m"
    ],
    [
      0.546285,
      "\b\u001b[0m \b"
    ],
    [
      4.4e-05,
      "\u001b[?1l\u001b>"
    ],
    [
      8.1e-05,
      "\r\r\n"
    ],
    [
      0.000702,
      "\u001b]2;cd ~/.cache/jot/V4tr5bxiXpxuc6b2W3rhcqDNFXPJyH\u0007\u001b]1;cd\u0007"
    ],
    [
      0.000113,
      "\u001b[1m\u001b[7m%\u001b[27m\u001b[1m\u001b[0m                                                                                 \r \r"
    ],
    [
      0.00012,
      "\u001b]2;demo@server8: ~/.cache/jot/V4tr5bxiXpxuc6b2W3rhcqDNFXPJyH\u0007"
    ],
    [
      4.2e-05,
      "\u001b]1;..3rhcqDNFXPJyH\u0007"
    ],
    [
      0.083918,
      "\r\u001b[0m\u001b[27m\u001b[24m\u001b[J\u001b[01;32m➜  \u001b[36mV4tr5bxiXpxuc6b2W3rhcqDNFXPJyH\u001b[00m \u001b[01;34mgit:(\u001b[31mPAzdXL2TNaY.4Tvyg9dbyekRTP7EGjF6Q9wnP68udqAN.otp\u001b[34m) \u001b[33m✗\u001b[00m \u001b[K\u001b[?1h\u001b="
    ],
    [
      0.787243,
      "l"
    ],
    [
      0.128767,
      "\bls"
    ],
    [
      0.123438,
      " "
    ],
    [
      0.052327,
      "-"
    ],
    [
      0.164618,
      "l"
    ],
    [
      0.123429,
      "S"
    ],
    [
      0.118794,
      "h"
    ],
    [
      0.142258,
      "t"
    ],
    [
      0.189029,
      "\u001b[?1l\u001b>"
    ],
    [
      5.2e-05,
      "\r"
    ],
    [
      3.7e-05,
      "\r\n"
    ],
    [
      0.000482,
      "\u001b]2;ls --color=tty -lSht\u0007"
    ],
    [
      3.8e-05,
      "\u001b]1;ls\u0007"
    ],
    [
      0.010876,
      "total 4.6M\r\n"
    ],
    [
      0.000145,
      "-rw-rw-r-- 1 demo demo  255 Nov 15 06:38 MLTDiNhYBCG.2aHMdr5.otp\r\n"
    ],
    [
      6.5e-05,
      "-rw-r--r-- 1 demo demo  72K Nov 15 06:35 M9NcDG4HF4j.DrBRLE4.otp.cache\r\n"
    ],
    [
      4.7e-05,
      "-rw-r--r-- 1 demo demo  69K Nov 15 06:35 frYajV8Sbm8.2JBQwoS8Zw.otp.cache\r\n-rw-r--r-- 1 demo demo  74K Nov 15 06:35 45m3xPRvcia.5J3hdvnozh.otp.cache\r\n"
    ],
    [
      4.6e-05,
      "-rw-r--r-- 1 demo demo 109K Nov 15 06:35 38R99nU77F4.MSzqhHc.otp.cache\r\n"
    ],
    [
      5.7e-05,
      "-rw-r--r-- 1 demo demo 4.1M Nov 15 06:35 B9SF7TGNKr2.7dJs6BarB8.otp.cache\r\n"
    ],
    [
      6.2e-05,
      "-rw-r--r-- 1 demo demo  97K Nov 15 06:35 FrEs4wR3kN4.rmzz9Qc2.otp.cache\r\n"
    ],
    [
      0.00052,
      "\u001b[1m\u001b[7m%\u001b[27m\u001b[1m\u001b[0m                                                                                 \r \r"
    ],
    [
      8.9e-05,
      "\u001b]2;demo@server8: ~/.cache/jot/V4tr5bxiXpxuc6b2W3rhcqDNFXPJyH\u0007"
    ],
    [
      3.8e-05,
      "\u001b]1;..3rhcqDNFXPJyH\u0007"
    ],
    [
      0.055221,
      "\r\u001b[0m\u001b[27m\u001b[24m\u001b[J\u001b[01;32m➜  \u001b[36mV4tr5bxiXpxuc6b2W3rhcqDNFXPJyH\u001b[00m \u001b[01;34mgit:(\u001b[31mPAzdXL2TNaY.4Tvyg9dbyekRTP7EGjF6Q9wnP68udqAN.otp\u001b[34m) \u001b[33m✗\u001b[00m \u001b[K"
    ],
    [
      5.1e-05,
      "\u001b[?1h\u001b="
    ],
    [
      0.60167,
      "A"
    ],
    [
      0.104467,
      "\bAl"
    ],
    [
      0.120622,
      "l"
    ],
    [
      0.117342,
      " "
    ],
    [
      0.11102,
      "f"
    ],
    [
      0.064095,
      "i"
    ],
    [
      0.031158,
      "l"
    ],
    [
      0.148387,
      "e"
    ],
    [
      0.189306,
      " "
    ],
    [
      0.330085,
      "\b"
    ],
    [
      0.180719,
      "n"
    ],
    [
      0.111063,
      "a"
    ],
    [
      0.051007,
      "m"
    ],
    [
      0.104432,
      "e"
    ],
    [
      0.23995,
      "s"
    ],
    [
      0.123501,
      " "
    ],
    [
      0.108904,
      "a"
    ],
    [
      0.056285,
      "r"
    ],
    [
      0.052478,
      "e"
    ],
    [
      0.079721,
      " "
    ],
    [
      0.175869,
      "i"
    ],
    [
      0.336624,
      "\b \b"
    ],
    [
      0.09055,
      "e"
    ],
    [
      0.103521,
      "n"
    ],
    [
      0.096012,
      "c"
    ],
    [
      0.170054,
      "r"
    ],
    [
      0.057932,
      "y"
    ],
    [
      0.039172,
      "p"
    ],
    [
      0.053073,
      "t"
    ],
    [
      0.055871,
      "e"
    ],
    [
      0.131186,
      "d"
    ],
    [
      0.089382,
      " "
    ],
    [
      0.086858,
      "u"
    ],
    [
      0.099388,
      "s"
    ],
    [
      0.130758,
      "i"
    ],
    [
      0.063152,
      "n"
    ],
    [
      0.03938,
      "g"
    ],
    [
      0.114684,
      " "
    ],
    [
      0.176325,
      "C"
    ],
    [
      0.158977,
      "a"
    ],
    [
      0.28679,
      "\b \b"
    ],
    [
      0.183834,
      "h"
    ],
    [
      0.08642,
      "a"
    ],
    [
      0.268331,
      "C"
    ],
    [
      0.093083,
      "h"
    ],
    [
      0.078358,
      "a"
    ],
    [
      0.216878,
      "2"
    ],
    [
      0.080565,
      "0"
    ],
    [
      0.499571,
      "."
    ],
    [
      0.431,
      "\r\r\n"
    ],
    [
      0.000288,
      "\u001b[1m\u001b[7m%\u001b[27m\u001b[1m\u001b[0m                                                                                 \r \r"
    ],
    [
      0.000167,
      "\u001b]2;demo@server8: ~/.cache/jot/V4tr5bxiXpxuc6b2W3rhcqDNFXPJyH\u0007"
    ],
    [
      6.6e-05,
      "\u001b]1;..3rhcqDNFXPJyH\u0007"
    ],
    [
      0.05583,
      "\r\u001b[0m\u001b[27m\u001b[24m\u001b[J\u001b[01;31m➜  \u001b[36mV4tr5bxiXpxuc6b2W3rhcqDNFXPJyH\u001b[00m \u001b[01;34mgit:(\u001b[31mPAzdXL2TNaY.4Tvyg9dbyekRTP7EGjF6Q9wnP68udqAN.otp\u001b[34m) \u001b[33m✗\u001b[00m \u001b[K\u001b[?1h\u001b="
    ],
    [
      1.155786,
      "c"
    ],
    [
      0.069196,
      "\bca"
    ],
    [
      0.178298,
      "t"
    ],
    [
      0.145873,
      " "
    ],
    [
      0.382891,
      "M"
    ],
    [
      0.071805,
      "L"
    ],
    [
      0.138023,
      "T"
    ],
    [
      0.345498,
      "DiNhYBCG.2aHMdr5.otp\u001b[1m \u001b[0m"
    ],
    [
      1.317769,
      "\b\u001b[0m \b"
    ],
    [
      4.5e-05,
      "\u001b[?1l\u001b>"
    ],
    [
      7.7e-05,
      "\r\r\n"
    ],
    [
      0.000695,
      "\u001b]2;cat MLTDiNhYBCG.2aHMdr5.otp\u0007\u001b]1;cat\u0007"
    ],
    [
      0.002222,
      "-----BEGIN PGP SIGNATURE-----\r\n\r\n"
    ],
    [
      5.8e-05,
      "wx4EBwMIrjcxnqhWvF9gMn+PocMtQueeg4zjSoUgXovS4AHkRlu+sYlJqrxrDDVI\r\noUmQLeEhoeBG4ELhX+/gbuIS7vBl4FDkQw/lcTugJ3Lg6ZIeM6VEPeC4440Q7Nzf\r\nRcCH4AziYxa1WuAs4f9c4HrkH9jUse62DsImoPi7ceP94uI9h+5V4XmGAA==\r\n=Sl+g\r\n"
    ],
    [
      4.7e-05,
      "-----END PGP SIGNATURE-----"
    ],
    [
      0.000381,
      "\u001b[1m\u001b[7m%\u001b[27m\u001b[1m\u001b[0m                                                                                 \r \r"
    ],
    [
      0.000194,
      "\u001b]2;demo@server8: ~/.cache/jot/V4tr5bxiXpxuc6b2W3rhcqDNFXPJyH\u0007"
    ],
    [
      6.9e-05,
