{
  "version": 1,
  "height": 15,
  "title": null,
  "stdout": [
    [
      0.129052,
      "\u001b[1m\u001b[7m%\u001b[27m\u001b[1m\u001b[0m                                                                               \r \r\u001b]2;demo@server8: ~\u0007\u001b]1;~\u0007"
    ],
    [
      0.025396,
      "\r\u001b[0m\u001b[27m\u001b[24m\u001b[J\u001b[39m\u001b[0m\u001b[49m\u001b[40m\u001b[39m demo@server8 \u001b[44m\u001b[30m\u001b[30m ~ \u001b[49m\u001b[34m\u001b[39m \u001b[K"
    ],
    [
      5.3e-05,
      "\u001b[?1h\u001b="
    ],
    [
      0.504299,
      "s"
    ],
    [
      0.054382,
      "\bsd"
    ],
    [
      0.22537,
      "e"
    ],
    [
      0.163498,
      "e"
    ],
    [
      0.053712,
      "s"
    ],
    [
      0.205487,
      "\u001b[?1l\u001b>"
    ],
    [
      4.6e-05,
      "\r\r\n"
    ],
    [
      0.000546,
      "\u001b]2;sdees\u0007"
    ],
    [
      4.1e-05,
      "\u001b]1;sdees\u0007"
    ],
    [
      0.012464,
      "Enter remote (e.g.: git@github.com:USER/REPO.git): "
    ],
    [
      0.648716,
      "g"
    ],
    [
      0.111967,
      "i"
    ],
    [
      0.082937,
      "t"
    ],
    [
      0.276125,
      "@"
    ],
    [
      0.240185,
      "g"
    ],
    [
      0.070582,
      "i"
    ],
    [
      0.093835,
      "t"
    ],
    [
      0.043627,
      "h"
    ],
    [
      0.146452,
      "u"
    ],
    [
      0.105071,
      "b"
    ],
    [
      0.087274,
      "."
    ],
    [
      0.135957,
      "c"
    ],
    [
      0.060001,
      "o"
    ],
    [
      0.054749,
      "m"
    ],
    [
      0.185493,
      ":"
    ],
    [
      0.167601,
      "s"
    ],
    [
      0.053719,
      "c"
    ],
    [
      0.076862,
      "h"
    ],
    [
      0.036455,
      "o"
    ],
    [
      0.156053,
      "l"
    ],
    [
      0.097385,
      "l"
    ],
    [
      0.10767,
      "z"
    ],
    [
      0.083629,
      "/"
    ],
    [
      0.166522,
      "d"
    ],
    [
      0.141221,
      "e"
    ],
    [
      0.056287,
      "m"
    ],
    [
      0.064253,
      "o"
    ],
    [
      0.193386,
      "."
    ],
    [
      0.136584,
      "g"
    ],
    [
      0.075823,
      "i"
    ],
    [
      0.106194,
      "t"
    ],
    [
      0.688919,
      "\r\n"
    ],
    [
      0.000277,
      "Cloning git@github.com:schollz/demo.git ...\r\n"
    ],
    [
      1.198846,
      "Which editor do you want to use: micro (default), vim,  nano, or emacs? "
    ],
    [
      1.148141,
      "v"
    ],
    [
      0.066298,
      "i"
    ],
    [
      0.051909,
      "m"
    ],
    [
      0.25871,
      "\r\n"
    ],
    [
      0.337303,
      "Enter password: "
    ],
    [
      1.102559,
      "\r\nFetching...done (1.139115722s).\r\n"
    ],
    [
      0.008031,
      "\r\n+---+"
    ],
    [
      5.8e-05,
      "-----------+-----------+\r\n| # | DOCUMENT  |"
    ],
    [
      4e-05,
      " # ENTRIES |\r\n+"
    ],
    [
      4.1e-05,
      "---+-----------+-----------+"
    ],
    [
      3.6e-05,
      "\r\n| "
    ],
    [
      9.8e-05,
      "1 "
    ],
    [
      3.9e-05,
      "| "
    ],
    [
      6e-05,
      "new.txt   "
    ],
    [
      3.7e-05,
      "| N/A      "
    ],
    [
      3.7e-05,
      " |\r\n"
    ],
    [
      4.4e-05,
      "| 2"
    ],
    [
      3.6e-05,
      " | "
    ],
    [
      4.5e-05,
      "notes.txt |"
    ],
    [
      4.1e-05,
      " N/A       "
    ],
    [
      0.000641,
      "|\r\n+---+-----------+-----------+\r\n\r\n\r\nWhich document (press enter for 'notes.txt', or type name): "
    ],
    [
      4.872263,
      "n"
    ],
    [
      0.15704,
      "e"
    ],
    [
      0.06547,
      "w"
    ],
    [
      0.165401,
      "."
    ],
    [
      0.118213,
      "t"
    ],
    [
      0.159965,
      "x"
    ],
    [
      0.081547,
      "t"
    ],
    [
      0.170874,
      "\r\n"
    ],
    [
      0.001983,
      "\r\nLoad all entries (press enter for 'n')? (y/n) "
    ],
    [
      1.0397,
      "y"
    ],
    [
      0.191998,
      "\r\n"
    ],
    [
      0.046308,
      "\u001b[?1049h\u001b[?1h\u001b=\u001b[2;1H▽\u001b[6n\u001b[1;1H  \u001b[1;1H"
    ],
    [
      0.001253,
      "\u001b[1;15r\u001b[?12;25h\u001b[?12l\u001b[?25h\u001b[27m\u001b[m\u001b[H\u001b[2J\u001b[?25l\u001b[15;1H\"~/.cache/sdees/temp/temp\""
    ],
    [
      0.000164,
      " 11L, 253C"
    ],
    [
      0.000377,
      "\u001b[>c"
    ],
    [
      0.000293,
      "\r-- INSERT --\u001b[15;13H\u001b[K"
    ],
    [
      0.000454,
      "\u001b[1;1HMon Nov 7 16:17:19 2016 -0500  -==- KindheartedFrighteningHelo\r\n\r\nThis is a new document with some text\r\n\r\nMon Nov 7 16:17:27 2016 -0500  -==- YellowSerpentineLegging\r\n\r\nAnother new entry in this one\r\n\r\nMon Nov 07 16:19:30 2016 -0500 -==- AbjectBubblyPartner\r\n\r\n\r\n\u001b[1m\u001b[34m~                                                                               \u001b[13;1H~                                                                               \u001b[14;1H~                                                                               "
    ],
    [
      5e-05,
      "\u001b[m\u001b[15;1H\u001b[1m-- INSERT --\u001b[11;1H\u001b[?12l\u001b[?25h"
    ],
    [
      0.04578,
      "\u001bP+q436f\u001b\\\u001bP+q6b75\u001b\\\u001bP+q6b64\u001b\\\u001bP+q6b72\u001b\\\u001bP+q6b6c\u001b\\\u001bP+q2332\u001b\\\u001bP+q2334\u001b\\\u001bP+q2569\u001b\\\u001bP+q2a37\u001b\\\u001bP+q6b31\u001b\\"
    ],
    [
      1.32631,
      "\u001b[m\u001b[15;1H\u001b[K\u001b[11;1H"
    ],
    [
      0.372741,
      "\u001b[?25l"
    ],
    [
      5.2e-05,
      "\u001b[?12l\u001b[?25h\u001b[?25l\u001b[15;1H:"
    ],
    [
      3.9e-05,
      "\u001b[?12l\u001b[?25h"
    ],
    [
      0.138699,
      "w"
    ],
    [
      4.6e-05,
      "\u001b[?25l\u001b[?12l\u001b[?25h"
    ],
    [
      0.066488,
      "q"
    ],
    [
      4.6e-05,
      "\u001b[?25l\u001b[?12l\u001b[?25h"
    ],
    [
      0.282531,
      "!"
    ],
    [
      4.6e-05,
      "\u001b[?25l\u001b[?12l\u001b[?25h"
    ],
    [
      0.191655,
      "\r"
    ],
    [
      6.4e-05,
      "\u001b[?25l"
    ],
    [
      0.000123,
      "\".cache/sdees/temp/temp\""
    ],
    [
      0.005704,
      " 11L, 253C written"
    ],
    [
      0.00065,
      "\r\r\r\n"
    ],
    [
      4.1e-05,
      "\u001b[?1l\u001b>\u001b[?12l\u001b[?25h\u001b[?1049l"
    ],
    [
      0.004754,
      "No new data, not commiting entry for branch AbjectBubblyPartner\r\nPushing changes"
    ],
    [
      0.50608,
      "...done (506.053818ms)\r\n"
    ],
    [
      0.0042,
      "\u001b[1m\u001b[7m%\u001b[27m\u001b[1m\u001b[0m                                                                               \r \r"
    ],
    [
      0.000133,
      "\u001b]2;demo@server8: ~\u0007"
    ],
    [
      4.2e-05,
      "\u001b]1;~\u0007"
    ],
    [
      0.013126,
      "\r\u001b[0m\u001b[27m\u001b[24m\u001b[J\u001b[39m\u001b[0m\u001b[49m\u001b[40m\u001b[39m demo@server8 \u001b[44m\u001b[30m\u001b[30m ~ \u001b[49m\u001b[34m\u001b[39m \u001b[K"
    ],
    [
      4.9e-05,
      "\u001b[?1h\u001b="
    ],
    [
      2.425727,
      "\r\r\n"
    ]
  ],
  "width": 80,
  "env": {
    "TERM": "xterm",
    "SHELL": "/usr/bin/zsh"
  },
  "duration": 22.760084,
  "command": null
}