{
  "title": null,
  "version": 1,
  "duration": 27.071449,
  "command": null,
  "env": {
    "TERM": "xterm",
    "SHELL": "/usr/bin/zsh"
  },
  "width": 80,
  "height": 15,
  "stdout": [
    [
      0.12678,
      "\u001b[1m\u001b[7m%\u001b[27m\u001b[1m\u001b[0m                                                                               \r \r\u001b]2;demo@server8: ~\u0007\u001b]1;~\u0007"
    ],
    [
      0.026347,
      "\r\u001b[0m\u001b[27m\u001b[24m\u001b[J\u001b[01;32m➜  \u001b[36m~\u001b[00m \u001b[K"
    ],
    [
      5.8e-05,
      "\u001b[?1h\u001b="
    ],
    [
      0.928344,
      "c"
    ],
    [
      0.221795,
      "\bca"
    ],
    [
      0.135377,
      "t"
    ],
    [
      0.334741,
      " "
    ],
    [
      0.364182,
      "j"
    ],
    [
      0.057051,
      "o"
    ],
    [
      0.104232,
      "t"
    ],
    [
      0.224852,
      "."
    ],
    [
      0.181589,
      "\u0007"
    ],
    [
      0.379213,
      "\b \b"
    ],
    [
      0.105184,
      "journal\u001b[1m \u001b[0m"
    ],
    [
      1.152091,
      "\b\u001b[0m \b"
    ],
    [
      5.5e-05,
      "\u001b[?1l\u001b>"
    ],
    [
      8.8e-05,
      "\r\r\n"
    ],
    [
      0.000677,
      "\u001b]2;cat jotjournal\u0007"
    ],
    [
      5e-05,
      "\u001b]1;cat\u0007"
    ],
    [
      0.002309,
      "Thu May 02 15:30:00 2013 -==- FretfulUnusedAirline\r\n\r\nMy first jot entry\r\nThis is it, I probably won't edit for another yer.\r\n\r\nSat May 03 03:22:00 2014 -==- ViolentZestyDonald\r\n\r\nSecond @entry\r\n"
    ],
    [
      5.8e-05,
      "Wow, looks like its been a whole year!\r\n"
    ],
    [
      0.00029,
      "\u001b[1m\u001b[7m%\u001b[27m\u001b[1m\u001b[0m                                                                               \r \r"
    ],
    [
      0.000177,
      "\u001b]2;demo@server8: ~\u0007"
    ],
    [
      4.8e-05,
      "\u001b]1;~\u0007"
    ],
    [
      0.010764,
      "\r\u001b[0m\u001b[27m\u001b[24m\u001b[J\u001b[01;32m➜  \u001b[36m~\u001b[00m \u001b[K"
    ],
    [
      8.9e-05,
      "\u001b[?1h\u001b="
    ],
    [
      2.345708,
      "j"
    ],
    [
      0.074753,
      "\bjo"
    ],
    [
      0.130642,
      "t"
    ],
    [
      0.151576,
      " "
    ],
    [
      0.188278,
      "-"
    ],
    [
      0.143994,
      "-"
    ],
    [
      0.213518,
      "i"
    ],
    [
      0.076122,
      "m"
    ],
    [
      0.066215,
      "p"
    ],
    [
      0.157908,
      "o"
    ],
    [
      0.056459,
      "r"
    ],
    [
      0.160559,
      "t"
    ],
    [
      0.109307,
      " "
    ],
    [
      0.144595,
      "j"
    ],
    [
      0.064464,
      "o"
    ],
    [
      0.076448,
      "t"
    ],
    [
      0.18831,
      "journal\u001b[1m \u001b[0m"
    ],
    [
      1.496494,
      "\b\u001b[0m \b"
    ],
    [
      4.6e-05,
      "\u001b[?1l\u001b>"
    ],
    [
      7.1e-05,
      "\r\r\n"
    ],
    [
      0.000587,
      "\u001b]2;jot --import jotjournal\u0007"
    ],
    [
      4.1e-05,
      "\u001b]1;jot\u0007"
    ],
    [
      0.287458,
      "Enter password: "
    ],
    [
      1.260109,
      "\r\nFetching..."
    ],
    [
      5.4e-05,
      "done (1.265081056s).\r\nImporting jotjournal"
    ],
    [
      4.1e-05,
      "\r\n"
    ],
    [
      0.000612,
      "Importing entry FretfulUnusedAirline\r\n"
    ],
    [
      0.034301,
      "Importing entry ViolentZestyDonald\r\n"
    ],
    [
      1.554042,
      "Pushed changes\r\n"
    ],
    [
      0.002217,
      "\u001b[1m\u001b[7m%\u001b[27m\u001b[1m\u001b[0m                                                                               \r \r"
    ],
    [
      0.000113,
      "\u001b]2;demo@server8: ~\u0007"
    ],
    [
      4.1e-05,
      "\u001b]1;~\u0007"
    ],
    [
      0.012185,
      "\r\u001b[0m\u001b[27m\u001b[24m\u001b[J\u001b[01;32m➜  \u001b[36m~\u001b[00m \u001b[K"
    ],
    [
      5.1e-05,
      "\u001b[?1h\u001b="
    ],
    [
      0.656423,
      "j"
    ],
    [
      0.08067,
      "\bjo"
    ],
    [
      0.140475,
      "t"
    ],
    [
      0.076068,
      " "
    ],
    [
      0.098056,
      "-"
    ],
    [
      0.109104,
      "-"
    ],
    [
      0.135625,
      "a"
    ],
    [
      0.097492,
      "l"
    ],
    [
      0.127702,
      "l"
    ],
    [
      0.08232,
      " "
    ],
    [
      0.206306,
      "j"
    ],
    [
      0.072584,
      "o"
    ],
    [
      0.136882,
      "t"
    ],
    [
      0.243479,
      "j"
    ],
    [
      0.072158,
      "o"
    ],
    [
      0.120866,
      "u"
    ],
    [
      0.055101,
      "r"
    ],
    [
      0.538087,
      "n"
    ],
    [
      0.084633,
      "a"
    ],
    [
      0.064908,
      "l"
    ],
    [
      0.273727,
      "\u001b[?1l\u001b>"
    ],
    [
      4.6e-05,
      "\r\r\n"
    ],
    [
      0.000536,
      "\u001b]2;jot --all jotjournal\u0007"
    ],
    [
      3.9e-05,
      "\u001b]1;jot\u0007"
    ],
    [
      0.237384,
      "Enter password: "
    ],
    [
      0.691931,
      "\r\n"
    ],
    [
      5.1e-05,
      "Fetching...done (695.665655ms).\r\n"
    ],
    [
      0.052687,
      "\u001b[?1049h\u001b[?1h\u001b=\u001b[2;1H▽\u001b[6n\u001b[1;1H  \u001b[1;1H"
    ],
    [
      0.000597,
      "\u001b[1;15r\u001b[?12;25h\u001b[?12l\u001b[?25h\u001b[27m\u001b[m\u001b[H\u001b[2J\u001b[?25l\u001b[15;1H\"~/.cache/jot/temp/temp\""
    ],
    [
      4.6e-05,
      " 13L, 280C"
    ],
    [
      0.000217,
      "\u001b[>c"
    ],
    [
      0.000137,
      "\r-- INSERT --\u001b[15;13H\u001b[K"
    ],
    [
      0.000258,
      "\u001b[1;1HThu May 02 15:30:00 2013 -==- FretfulUnusedAirline\r\n\r\nMy first jot entry\r\nThis is it, I probably won't edit for another yer.\r\n\r\nSat May 03 03:22:00 2014 -==- ViolentZestyDonald\r\n\r\nSecond @entry\r\nWow, looks like its been a whole year!\r\n\r\nTue Nov 15 12:19:00 2016 -==- RudePalatableGiraffe\r\n\r\n\r\n\u001b[1m\u001b[34m~                                                                               "
    ],
    [
      4.3e-05,
      "\u001b[m\u001b[15;1H\u001b[1m-- INSERT --\u001b[13;1H\u001b[?12l\u001b[?25h"
    ],
    [
      0.034724,
      "\u001bP+q436f\u001b\\\u001bP+q6b75\u001b\\\u001bP+q6b64\u001b\\\u001bP+q6b72\u001b\\\u001bP+q6b6c\u001b\\\u001bP+q2332\u001b\\\u001bP+q2334\u001b\\\u001bP+q2569\u001b\\\u001bP+q2a37\u001b\\\u001bP+q6b31\u001b\\"
    ],
    [
      0.926207,
      "\u001b[?25l\u001b[mi\u001b[?12l\u001b[?25h"
    ],
    [
      0.40473,
      "\u001b[?25l\u001b[13;1H\u001b[K\u001b[13;1H\u001b[?12l\u001b[?25h"
    ],
    [
      0.540655,
      "\u001b[?25lW\u001b[?12l\u001b[?25h"
    ],
    [
      0.102673,
      "\u001b[?25lo\u001b[?12l\u001b[?25h"
    ],
    [
      0.388412,
      "\u001b[?25lw\u001b[?12l\u001b[?25h"
    ],
    [
      0.10935,
      "\u001b[?25l,\u001b[?12l\u001b[?25h"
    ],
    [
      0.082822,
      "\u001b[?25l \u001b[?12l\u001b[?25h"
    ],
    [
      0.08475,
      "\u001b[?25ll\u001b[?12l\u001b[?25h"
    ],
    [
      0.191917,
      "\u001b[?25lo\u001b[?12l\u001b[?25h"
    ],
    [
      0.113684,
      "\u001b[?25lo\u001b[?12l\u001b[?25h"
    ],
    [
      0.052139,
      "\u001b[?25lk\u001b[?12l\u001b[?25h"
    ],
    [
      0.050569,
      "\u001b[?25ls\u001b[?12l\u001b[?25h"
    ],
    [
      0.161255,
      "\u001b[?25l \u001b[?12l\u001b[?25h"
    ],
    [
      0.088546,
      "\u001b[?25ll\u001b[?12l\u001b[?25h"
    ],
    [
      0.052403,
      "\u001b[?25li\u001b[?12l\u001b[?25h"
    ],
    [
      0.191649,
      "\u001b[?25lk\u001b[?12l\u001b[?25h"
    ],
    [
      0.016446,
      "\u001b[?25le\u001b[?12l\u001b[?25h"
    ],
    [
      0.102858,
      "\u001b[?25l \u001b[?12l\u001b[?25h"
    ],
    [
      0.164386,
      "\u001b[?25lit\u001b[?12l\u001b[?25h"
    ],
    [
      0.115446,
      "\u001b[?25l \u001b[?12l\u001b[?25h"
    ],
    [
      0.048886,
      "\u001b[?25li\u001b[?12l\u001b[?25h"
    ],
    [
