{
  "duration": 6.253046,
  "width": 80,
  "command": null,
  "title": null,
  "height": 15,
  "stdout": [
    [
      0.122061,
      "\u001b[1m\u001b[7m%\u001b[27m\u001b[1m\u001b[0m                                                                               \r \r\u001b]2;demo@server8: ~\u0007\u001b]1;~\u0007"
    ],
    [
      0.025468,
      "\r\u001b[0m\u001b[27m\u001b[24m\u001b[J\u001b[39m\u001b[0m\u001b[49m\u001b[40m\u001b[39m demo@server8 \u001b[44m\u001b[30m\u001b[30m ~ \u001b[49m\u001b[34m\u001b[39m \u001b[K"
    ],
    [
      8e-05,
      "\u001b[?1h\u001b="
    ],
    [
      0.364194,
      "s"
    ],
    [
      0.06971,
      "\bsd"
    ],
    [
      0.206165,
      "e"
    ],
    [
      0.145617,
      "e"
    ],
    [
      0.073452,
      "s"
    ],
    [
      0.141215,
      " "
    ],
    [
      0.119058,
      "-"
    ],
    [
      0.124125,
      "-"
    ],
    [
      0.1202,
      "c"
    ],
    [
      0.076365,
      "l"
    ],
    [
      0.095448,
      "e"
    ],
    [
      0.056133,
      "a"
    ],
    [
      0.069465,
      "n"
    ],
    [
      0.263947,
      "\u001b[?1l\u001b>"
    ],
    [
      4.7e-05,
      "\r\r\n"
    ],
    [
      0.000673,
      "\u001b]2;jot --clean\u0007\u001b]1;jot\u0007"
    ],
    [
      0.301903,
      "\r\nThis will remove all local files, but not remote. Are you sure? (y/n) "
    ],
    [
      1.250612,
      "y"
    ],
    [
      1.475056,
      "\r\n"
    ],
    [
      0.007321,
      "All local files removed\r\n"
    ],
    [
      0.002492,
      "\u001b[1m\u001b[7m%\u001b[27m\u001b[1m\u001b[0m                                                                               \r \r"
    ],
    [
      0.000109,
      "\u001b]2;demo@server8: ~\u0007"
    ],
    [
      4.1e-05,
      "\u001b]1;~\u0007"
    ],
    [
      0.01176,
      "\r\u001b[0m\u001b[27m\u001b[24m\u001b[J\u001b[39m\u001b[0m\u001b[49m\u001b[40m\u001b[39m demo@server8 \u001b[44m\u001b[30m\u001b[30m ~ \u001b[49m\u001b[34m\u001b[39m \u001b[K"
    ],
    [
      5.1e-05,
      "\u001b[?1h\u001b="
    ],
    [
      1.127423,
      "\r\r\n"
    ]
  ],
  "version": 1,
  "env": {
    "TERM": "xterm",
    "SHELL": "/usr/bin/zsh"
  }
}