{
  "title": null,
  "width": 82,
  "command": null,
  "env": {
    "SHELL": "/usr/bin/zsh",
    "TERM": "xterm"
  },
  "version": 1,
  "duration": 12.238142,
  "height": 16,
  "stdout": [
    [
      0.129762,
      "\u001b[1m\u001b[7m%\u001b[27m\u001b[1m\u001b[0m                                                                                 \r \r\u001b]2;demo@server8: ~\u0007\u001b]1;~\u0007"
    ],
    [
      0.023385,
      "\r\u001b[0m\u001b[27m\u001b[24m\u001b[J\u001b[01;32m➜  \u001b[36m~\u001b[00m \u001b[K"
    ],
    [
      8.2e-05,
      "\u001b[?1h\u001b="
    ],
    [
      0.481535,
      "j"
    ],
    [
      5.5e-05,
      "\bgojo"
    ],
    [
      0.044208,
      "t"
    ],
    [
      0.072958,
      " "
    ],
    [
      0.721131,
      "-"
    ],
    [
      0.116745,
      "-"
    ],
    [
      0.14985,
      "s"
    ],
    [
      0.071,
      "u"
    ],
    [
      0.168282,
      "m"
    ],
    [
      0.118047,
      "m"
    ],
    [
      0.090528,
      "a"
    ],
    [
      0.08974,
      "r"
    ],
    [
      0.084671,
      "y"
    ],
    [
      0.130814,
      " "
    ],
    [
      0.138598,
      "n"
    ],
    [
      0.041856,
      "o"
    ],
    [
      0.038145,
      "t"
    ],
    [
      0.10134,
      "e"
    ],
    [
      0.037949,
      "s"
    ],
    [
      0.90358,
      "\u001b[?1l\u001b>"
    ],
    [
      4.5e-05,
      "\r\r\n"
    ],
    [
      0.000574,
      "\u001b]2;gojot --summary notes\u0007"
    ],
    [
      4e-05,
      "\u001b]1;gojot\u0007"
    ],
    [
      0.273949,
      "Enter password: "
    ],
    [
      0.829345,
      "\r\nFetching..."
    ],
    [
      0.89353,
      "\r 0 / 1 [-----------------------------------------------------------------]   0.00%"
    ],
    [
      9.5e-05,
      "\r 0 / 1 [--------------------------------------------------------------]   0.00% 0s\r\n"
    ],
    [
      0.063699,
      "done (1.806356347s).\r\n"
    ],
    [
      0.193029,
      "\r\nSummary:\r\n"
    ],
    [
      0.000451,
      "Ill-InformedMassiveRiser - Tue Nov 15 06:48:16 2016 (15 words):\r\n"
    ],
    [
      3.8e-05,
      "  This is a previous entry, you can see since you used --all.\r\nCreativeVenomousString - Tue Nov 15 06:48:38 2016 (6 words):\r\n  I can edit old\r\nVibrantFrequentComic - Tue Nov 15 06:50:37 2016 (22 words):\r\n"
    ],
    [
      3.5e-05,
      "  Each of these entries can be edited, one at a time. There are many entries that\r\n"
    ],
    [
      0.001938,
      "\u001b[1m\u001b[7m%\u001b[27m\u001b[1m\u001b[0m                                                                                 \r \r"
    ],
    [
      0.00014,
      "\u001b]2;demo@server8: ~\u0007"
    ],
    [
      1.7e-05,
      "\u001b]1;~\u0007"
    ],
    [
      0.011004,
      "\r\u001b[0m\u001b[27m\u001b[24m\u001b[J\u001b[01;32m➜  \u001b[36m~\u001b[00m \u001b[K"
    ],
    [
      4.9e-05,
      "\u001b[?1h\u001b="
    ],
    [
      6.212722,
      "\r\r\n"
    ]
  ]
}