{
  "height": 16,
  "width": 82,
  "title": null,
  "env": {
    "SHELL": "/usr/bin/zsh",
    "TERM": "xterm"
  },
  "duration": 44.690291,
  "version": 1,
  "command": null,
  "stdout": [
    [
      0.118152,
      "\u001b[1m\u001b[7m%\u001b[27m\u001b[1m\u001b[0m                                                                                 \r \r\u001b]2;demo@server8: ~\u0007\u001b]1;~\u0007"
    ],
    [
      0.022422,
      "\r\u001b[0m\u001b[27m\u001b[24m\u001b[J\u001b[01;32m➜  \u001b[36m~\u001b[00m \u001b[K\u001b[?1h\u001b="
    ],
    [
      1.027184,
      "j"
    ],
    [
      0.154355,
      "\bjo"
    ],
    [
      0.163586,
      "t"
    ],
    [
      0.19909,
      "\u001b[?1l\u001b>"
    ],
    [
      5.3e-05,
      "\r\r\n"
    ],
    [
      0.000524,
      "\u001b]2;jot\u0007"
    ],
    [
      4.6e-05,
      "\u001b]1;jot\u0007"
    ],
    [
      0.208479,
      "Enter password: "
    ],
    [
      1.420233,
      "\r\nFetching...done (1.439339589s).\r\n"
    ],
    [
      1.021825,
      "\r\n+---+----------+-----------+\r\n"
    ],
    [
      2.5e-05,
      "| # | DOCUMENT | # ENTRIES |\r\n+---+----------+"
    ],
    [
      1.8e-05,
      "-----------+\r\n| "
    ],
    [
      3.1e-05,
      "1 "
    ],
    [
      1.5e-05,
      "| "
    ],
    [
      5.8e-05,
      "dreams   "
    ],
    [
      1.7e-05,
      "|        18 |\r\n| 2"
    ],
    [
      1.9e-05,
      " | "
    ],
    [
      1.3e-05,
      "ideas    |"
    ],
    [
      2.2e-05,
      "         4"
    ],
    [
      1.4e-05,
      " |"
    ],
    [
      1.2e-05,
      "\r\n|"
    ],
    [
      1.3e-05,
      " 3 "
    ],
    [
      1.2e-05,
      "| "
    ],
    [
      1.3e-05,
      "journal  "
    ],
    [
      1.9e-05,
      "| "
    ],
    [
      2e-05,
      "1,071     |"
    ],
    [
      1.8e-05,
      "\r\n| 4"
    ],
    [
      1.5e-05,
      " | "
    ],
    [
      1.7e-05,
      "lists    |"
    ],
    [
      1.7e-05,
      "         7 "
    ],
    [
      1.6e-05,
      "|\r\n|"
    ],
    [
      1.5e-05,
      " 5"
    ],
    [
      1.2e-05,
      " | "
    ],
    [
      1.4e-05,
      "recipes  "
    ],
    [
      1.7e-05,
      "| "
    ],
    [
      1.4e-05,
      "        5 |"
    ],
    [
      1.2e-05,
      "\r\n|"
    ],
    [
      1.4e-05,
      " 6"
    ],
    [
      1.2e-05,
      " | "
    ],
    [
      1.5e-05,
      "stories  "
    ],
    [
      1.2e-05,
      "| "
    ],
    [
      1.4e-05,
      "        2 "
    ],
    [
      1.5e-05,
      "|\r\n+"
    ],
    [
      1.5e-05,
      "---+----------+"
    ],
    [
      1.4e-05,
      "-----------+\r\n"
    ],
    [
      5.8e-05,
      "\r\n\r\nWhich document (press enter for 'ideas', or type name): "
    ],
    [
      1.961042,
      "i"
    ],
    [
      0.117038,
      "d"
    ],
    [
      0.16656,
      "e"
    ],
    [
      0.114737,
      "a"
    ],
    [
      0.072434,
      "s"
    ],
    [
      2.44794,
      "\b \b"
    ],
    [
      0.119195,
      "\b \b"
    ],
    [
      0.124791,
      "\b \b"
    ],
    [
      0.120306,
      "\b \b"
    ],
    [
      0.115619,
      "\b \b"
    ],
    [
      0.155253,
      "2"
    ],
    [
      0.511086,
      "\r\n"
    ],
    [
      0.00105,
      "\r\nLoad all entries (press enter for 'n')? (y/n) "
    ],
    [
      1.225046,
      "y"
    ],
    [
      0.781831,
      "\r\n"
    ],
    [
      0.164973,
      "\u001b[?1049h\u001b[?1h\u001b=\u001b[2;1H▽\u001b[6n\u001b[1;1H  \u001b[1;1H"
    ],
    [
      0.000357,
      "\u001b[1;16r\u001b[?12;25h\u001b[?12l\u001b[?25h\u001b[27m\u001b[m\u001b[H\u001b[2J\u001b[?25l\u001b[16;1H\"~/.cache/jot/temp/temp\""
    ],
    [
      4.1e-05,
      " 47L, 1504C"
    ],
    [
      0.000158,
      "\u001b[>c"
    ],
    [
      9.5e-05,
      "\r-- INSERT --\u001b[16;13H\u001b[K"
    ],
    [
      0.000761,
      "\u001b[1;1H2. Plays a song that has the same tempo as your heartbeat\r\n\r\nMon Nov 07 16:38:03 2016 -==- DistributedEncryptedEditing\r\n\r\n* jot is for distributed editing of encrypted stuff.\r\n\r\n* jot does encryption, editing, and synchronization.\r\n\r\n* jot is open-source and available at https://github.com/schollz/jot\r\n\r\n* Documentation and examples are at https://jot.schollz.com\r\n\r\nTue Nov 15 06:35:21 2016 -==- RectangularDefinitiveMarsh\r\n\r\n\r\n\u001b[1m-- INSERT --\u001b[15;1H\u001b[?12l\u001b[?25h"
    ],
    [
      1.091299,
      "\u001b[?25l\u001b[mi\u001b[?12l\u001b[?25h"
    ],
    [
      0.983769,
      "\u001b[?25l\u001b[15;1H\u001b[K\u001b[15;1H\u001b[?12l\u001b[?25h"
    ],
    [
      0.239695,
      "\u001b[14;1H"
    ],
    [
      0.149577,
      "\u001b[13;1H"
    ],
    [
      0.289221,
      "\u001b[12;1H"
    ],
    [
      0.225947,
      "\u001b[?25l\u001b[13;15r\u001b[13;1H\u001b[L\u001b[1;16r"
    ],
    [
      5.4e-05,
      "\u001b[13;1H\u001b[?12l\u001b[?25h"
    ],
    [
      0.68767,
      "\u001b[?25l*\u001b[?12l\u001b[?25h"
    ],
    [
      0.265261,
      "\u001b[?25l \u001b[?12l\u001b[?25h"
    ],
    [
      0.43289,
      "\u001b[?25lY\u001b[?12l\u001b[?25h"
    ],
    [
      0.146146,
      "\u001b[?25lo\u001b[?12l\u001b[?25h"
    ],
    [
      0.040138,
      "\u001b[?25lu\u001b[?12l\u001b[?25h"
    ],
    [
      0.105492,
      "\u001b[?25l \u001b[?12l\u001b[?25h"
    ],
    [
      0.097557,
      "\u001b[?25lc\u001b[?12l\u001b[?25h"
    ],
    [
      0.042529,
      "\u001b[?25la\u001b[?12l\u001b[?25h"
    ],
    [
      0.065516,
      "\u001b[?25ln\u001b[?12l\u001b[?25h"
    ],
    [
      0.081511,
      "\u001b[?25l \u001b[?12l\u001b[?25h"
    ],
    [
      0.085438,
      "\u001b[?25le\u001b[?12l\u001b[?25h"
    ],
    [
      0.164507,
      "\u001b[?25ld\u001b[?12l\u001b[?25h"
    ],
    [
      0.056826,
      "\u001b[?25li\u001b[?12l\u001b[?25h"
    ],
    [
      0.182005,
      "\u001b[?25lt\u001b[?12l\u001b[?25h"
    ],
    [
      0.127992,
      "\u001b[?25l \u001b[?12l\u001b[?25h"
    ],
    [
      0.293522,
      "\u001b[?25lo\u001b[?12l\u001b[?25h"
    ],
    [
      0.14168,
      "\u001b[?25ll\u001b[?12l\u001b[?25h"
    ],
    [
      0.098196,
      "\u001b[?25ld\u001b[?12l\u001b[?25h"
    ],
    [
      0.109012,
      "\u001b[?25l \u001b[?12l\u001b[?25h"
    ],
    [
      0.095374,
      "\u001b[?25le\u001b[?12l\u001b[?25h"
    ],
    [
      0.088718,
      "\u001b[?25ln\u001b[?12l\u001b[?25h"
    ],
    [
      0.108187,
      "\u001b[?25lt\u001b[?12l\u001b[?25h"
    ],
    [
      0.152036,
      "\u001b[?25lr\u001b[?12l\u001b[?25h"
    ],
    [
      0.087161,
      "\u001b[?25li\u001b[?12l\u001b[?25h"
    ],
    [
      0.076962,
      "\u001b[?25le\u001b[?12l\u001b[?25h"
    ],
    [
      0.075906,
      "\u001b[?25ls\u001b[?12l\u001b[?25h"
    ],
    [
      0.840724,
      "\u001b[?25l\u001b[14;1H\u001b[K\u001b[15;1HTue Nov 15 06:35:21 2016 -==- RectangularDefinitiveMarsh\u001b[14;1H\u001b[?12l\u001b[?25h"
    ],
    [
      0.293608,
      "\r\n"
    ],
    [
      0.202137,
      "\u001b[?25l\u001b[1;15r\u001b[15;1H\r\n\u001b[1;16r"
    ],
    [
      4.5e-05,
      "\u001b[15;1H\u001b[?12l\u001b[?25h"
    ],
    [
      0.142866,
      "\u001b[?25l\u001b[1;15r\u001b[15;1H\r\n\u001b[1;16r"
    ],
    [
      4.6e-05,
      "\u001b[15;1H\u001b[?12l\u001b[?25h"
    ],
    [
      0.989993,
      "\u001b[?25lO\u001b[?12l\u001b[?25h"
    ],
    [
      0.182007,
      "\u001b[?25lr\u001b[?12l\u001b[?25h"
    ],
    [
      0.096995,
      "\u001b[?25l \u001b[?12l\u001b[?25h"
    ],
    [
      0.059954,
      "\u001b[?25lm\u001b[?12l\u001b[?25h"
    ],
    [
      0.096189,
      "\u001b[?25la\u001b[?12l\u001b[?25h"
    ],
    [
      0.060209,
      "\u001b[?25lk\u001b[?12l\u001b[?25h"
    ],
    [
      0.076438,
      "\u001b[?25le\u001b[?12l\u001b[?25h"
    ],
    [
      0.070845,
      "\u001b[?25l \u001b[?12l\u001b[?25h"
    ],
    [
      0.074771,
      "\u001b[?25ln\u001b[?12l\u001b[?25h"
    ],
    [
