{
  "env": {
    "SHELL": "/usr/bin/zsh",
    "TERM": "xterm"
  },
  "command": null,
  "title": null,
  "version": 1,
  "height": 15,
  "duration": 17.492995,
  "stdout": [
    [
      0.129552,
      "\u001b[1m\u001b[7m%\u001b[27m\u001b[1m\u001b[0m                                                                               \r \r\u001b]2;demo@server8: ~\u0007\u001b]1;~\u0007"
    ],
    [
      0.024263,
      "\r\u001b[0m\u001b[27m\u001b[24m\u001b[J\u001b[39m\u001b[0m\u001b[49m\u001b[40m\u001b[39m demo@server8 \u001b[44m\u001b[30m\u001b[30m ~ \u001b[49m\u001b[34m\u001b[39m \u001b[K"
    ],
    [
      6.1e-05,
      "\u001b[?1h\u001b="
    ],
    [
      0.37919,
      "s"
    ],
    [
      0.113369,
      "\bsd"
    ],
    [
      0.21549,
      "e"
    ],
    [
      0.150198,
      "e"
    ],
    [
      0.107396,
      "s"
    ],
    [
      0.146019,
      " "
    ],
    [
      0.157644,
      "E"
    ],
    [
      0.177478,
      "n"
    ],
    [
      0.079979,
      "t"
    ],
    [
      0.141749,
      "r"
    ],
    [
      0.093855,
      "y"
    ],
    [
      0.294304,
      "1"
    ],
    [
      0.068952,
      "2"
    ],
    [
      0.076375,
      "3"
    ],
    [
      0.706976,
      "\u001b[?1l\u001b>"
    ],
    [
      5.3e-05,
      "\r\r\n"
    ],
    [
      0.000579,
      "\u001b]2;jot Entry123\u0007"
    ],
    [
      4.7e-05,
      "\u001b]1;jot\u0007"
    ],
    [
      0.239149,
      "Enter password: "
    ],
    [
      0.929291,
      "\r\n"
    ],
    [
      5.9e-05,
      "Fetching...done (934.220018ms).\r\n"
    ],
    [
      0.028228,
      "Loaded entry 'Entry123' on document 'new.txt'\r\n"
    ],
    [
      0.012777,
      "\u001b[?1049h\u001b[?1h\u001b=\u001b[2;1H▽\u001b[6n\u001b[1;1H  \u001b[1;1H"
    ],
    [
      0.001241,
      "\u001b[1;15r\u001b[?12;25h\u001b[?12l\u001b[?25h\u001b[27m\u001b[m\u001b[H\u001b[2J\u001b[?25l\u001b[15;1H\"~/.cache/jot/temp/temp\""
    ],
    [
      4.9e-05,
      " 6L, 152C"
    ],
    [
      0.000385,
      "\u001b[>c"
    ],
    [
      0.000255,
      "\r-- INSERT --\u001b[15;13H\u001b[K"
    ],
    [
      0.00035,
      "\u001b[1;1HTue Nov 8 08:16:02 2016 -0500  -==- Entry123\r\n\r\nThis is an entry named \"Entry123\", in document new.txt.\r\nIt can be edited instantly using:\r\n\r\njot Entry123\r\n\u001b[1m\u001b[34m~                                                                               \u001b[8;1H~                                                                               \u001b[9;1H~                                                                               \u001b[10;1H~                                                                               \u001b[11;1H~                                                                               \u001b[12;1H~                                                                               \u001b[13;1H~                                                                               \u001b[14;1H~                                                                               \u001b[m\u001b[15;1H\u001b[1m-- INSERT --\u001b[6;14H\u001b[?12l\u001b[?25h"
    ],
    [
      2.438331,
      "\u001b[m3"
    ],
    [
      0.741132,
      "\u001b[?25l\u001b[7;1H\u001b[K\u001b[7;1H\u001b[?12l\u001b[?25h"
    ],
    [
      3.086947,
      "\u001b[?25l\u001b[8;1H\u001b[K\u001b[8;1H\u001b[?12l\u001b[?25h"
    ],
    [
      0.784057,
      "\u001b[?25lE\u001b[?12l\u001b[?25h"
    ],
    [
      0.201337,
      "\u001b[?25la\u001b[?12l\u001b[?25h"
    ],
    [
      0.0651,
      "\u001b[?25ls\u001b[?12l\u001b[?25h"
    ],
    [
      0.067528,
      "\u001b[?25ly\u001b[?12l\u001b[?25h"
    ],
    [
      0.239027,
      "\u001b[?25l!\u001b[?12l\u001b[?25h"
    ],
    [
      0.01133,
      "\u001b[?25l@\u001b[?12l\u001b[?25h"
    ],
    [
      0.462302,
      "\u001b[?25l\u001b[8;6H\u001b[K\u001b[8;6H\u001b[?12l\u001b[?25h"
    ],
    [
      0.243514,
      "\u001b[15;1H\u001b[K\u001b[8;5H"
    ],
    [
      0.306692,
      "\u001b[?25l"
    ],
    [
      0.000341,
      "\u001b[?12l\u001b[?25h\u001b[?25l\u001b[15;1H:"
    ],
    [
      4.9e-05,
      "\u001b[?12l\u001b[?25h"
    ],
    [
      0.130824,
      "w"
    ],
    [
      4.6e-05,
      "\u001b[?25l\u001b[?12l\u001b[?25h"
    ],
    [
      0.077019,
      "q"
    ],
    [
      8.6e-05,
      "\u001b[?25l\u001b[?12l\u001b[?25h"
    ],
    [
      0.327028,
      "!"
    ],
    [
      4.6e-05,
      "\u001b[?25l\u001b[?12l\u001b[?25h"
    ],
    [
      0.207819,
      "\r"
    ],
    [
      5.4e-05,
      "\u001b[?25l"
    ],
    [
      0.000102,
      "\".cache/jot/temp/temp\""
    ],
    [
      0.00569,
      " 8L, 159C written"
    ],
    [
      0.000739,
      "\r\r\r\n\u001b[?1l\u001b>\u001b[?12l\u001b[?25h\u001b[?1049l"
    ],
    [
      0.031332,
      "Updated entry for Entry123\r\nPushing changes"
    ],
    [
      2.359681,
      "...done (2.35967048s)\r\n"
    ],
    [
      0.002991,
      "\u001b[1m\u001b[7m%\u001b[27m\u001b[1m\u001b[0m                                                                               \r \r"
    ],
    [
      0.000114,
      "\u001b]2;demo@server8: ~\u0007"
    ],
    [
      4.1e-05,
      "\u001b]1;~\u0007"
    ],
    [
      0.013392,
      "\r\u001b[0m\u001b[27m\u001b[24m\u001b[J\u001b[39m\u001b[0m\u001b[49m\u001b[40m\u001b[39m demo@server8 \u001b[44m\u001b[30m\u001b[30m ~ \u001b[49m\u001b[34m\u001b[39m \u001b[K"
    ],
    [
      5.1e-05,
      "\u001b[?1h\u001b="
    ],
    [
      1.410097,
      "\r\r\n"
    ]
  ],
  "width": 80
}